"id","f0","f1","f2","f3","f4","f5","f6","f7","f8","f9","f10","f11","f12","f13","f14","f15","f16","f17","f18","f19","f20","f21","f22","f23","f24","f25","f26","f27","f28","f29","f30","f31","f32","f33","f34","f35","f36","f37","f38","f39","f40","f41","f42","f43","f44","f45","f46","f47","f48","f49","f50","f51","f52","f53","f54","f55","f56","f57","f58","f59","f60","f61","f62","f63"
"443",0.182983810640148,0.0951028973769196,0.126028504770929,0.031705709333032,-0.142157322728806,0.0443107589902098,0.0940314006500346,0.10649869659519,0.131283018593372,-0.0162914501682013,0.0244506836915681,0.0854104880029975,0.051662429049223,-0.100813443402083,-0.0387703900899604,0.207975348782057,-0.206820779316904,0.0963049635856332,0.0336200520123409,0.188660920990694,-0.100177516099311,-0.124653800210686,-0.0408637389948253,0.114206294787441,0.0227137338100494,0.245297664064887,-0.229234428299487,0.304657530400311,0.106288019042663,0.0564075938390362,-0.176273390917658,-0.118774327778721,-0.0437079516512617,-0.0611654831273846,-0.180903925309787,-0.0743941339333307,0.0242508060612211,-0.125833961837247,0.0949884620178755,-0.283361618478641,0.138080991227855,-0.217014646202624,0.0971613632107323,0.0653505449688188,-0.0787288924183478,0.16201376759115,0.0459905206022227,0.0558912730235743,0.0338273429634474,0.0793161843717423,-0.056404946754506,0.00683974887590461,-0.0158354176820537,0.0308387016709962,-0.0439183258570867,-0.0574110589828212,0.0870334491736955,-0.0219150559558599,0.0769393299425236,0.0532135024069385,0.0116850906878797,0.322274022332776,-0.123427155799867,0.011733921897273
"633",-0.0317797206667176,-0.162883380403023,-0.0681741131037403,-0.189849913892211,0.098707900399195,-0.00521144018631094,-0.0216853549782407,0.0109986718054972,-0.0742803414576568,-0.22530846291385,-0.130626128153806,-0.00788778972741098,-0.0455485255454926,0.202949538647744,0.137284222423771,-0.0768554867738537,-0.037965712066299,0.203788370614553,0.0597897667461597,-0.109834781229602,0.248386404987997,-0.116776253510493,-0.141250888835298,0.209599465609567,-0.022546016048404,0.220648850704657,0.0884394956651857,-0.0774530876013098,0.0500211843654912,-0.0512127319906497,-0.14192824286254,-0.124317048061624,0.116909133045177,-0.0355354880329983,0.147399567698744,0.127348669352947,-0.0462123114615781,0.0746307275662022,0.0350268466028683,0.083141962128377,-0.0893862898767181,-0.155893522359879,0.0367946646951116,0.0983292031027064,-0.074964375467321,0.0700672752739488,0.172943476750894,0.0380092407018307,-0.147065098667402,-0.14340933288583,0.00865661186119597,-0.0583188858482254,0.142889848618235,0.0678361542632884,0.183775865926491,0.00259991390876087,-0.189372805403222,0.301003231110272,-0.129201214721873,0.127070673228571,0.0734748098577056,-0.0205153177483724,0.206200241042587,0.111302371054805
"29",0.0584102178937228,0.100205101891591,-0.0706972650041743,-0.217261369007371,0.141372954933633,-0.0410893442376919,0.0492923650418437,0.128964078608347,0.0507469714382002,-0.225774193707317,0.200966520955454,0.0808071447363493,0.0696416972235459,0.157924408353397,-0.0709923513638111,-0.186514569799669,0.199422087071959,0.180058719319797,0.0763276428003243,0.0144588956688546,0.142421409529011,-0.0392335756943524,0.128655011303827,-0.2892997259414,0.156066828369645,-0.0324874058366616,0.079224886033083,0.0655295509265569,0.199228628004402,0.0853589234457785,-0.125890571959556,-0.0796534898561873,0.0723850134100181,0.034969297657541,-0.128000792697051,-0.0875598242537247,0.0626447998628737,0.0204253181422335,0.125703167909793,0.0429388625282616,0.124503630624954,0.0421521275313968,-0.0615536010814389,-0.146566141980643,0.0637085650133173,-0.112483817194874,0.129171760143629,-0.0788017563421873,0.0280679915635147,-0.00200486873912906,-0.0487183436350531,-0.183070192005805,0.0648862507999486,0.142598389325497,-0.262769263398618,0.127417510561235,0.127995218952286,-0.0461054613794488,0.00255598948645249,-0.0769109007253425,-0.285787039752546,0.175024360762664,0.0121161952852972,0.00546688416335709
"213",0.0124290845983701,-0.0311311533707732,0.057667015682064,0.0722193784625033,-0.0805022333397227,0.198636079547148,0.22624496455483,0.00476778186649295,0.0356569482074373,-0.248580530228569,-0.157562183494661,-0.0487436835690512,-0.0964064768559614,0.135738693781728,-0.0500652457968322,-0.160485848423471,0.0318538794049213,-0.0162782558966204,-0.224278831558576,0.0935297077673796,0.210575207957307,0.108260881541148,-0.0402615579228998,-0.0535978465095686,-0.11499386237215,0.0129464128420146,0.0631861767264508,0.042909636616339,-0.158026842000339,0.251789679463273,0.207373234011028,0.112731396467264,0.0683924843643024,0.0285727478098991,-0.144038982446949,0.043943485936021,0.108911071136987,-0.103463190795809,0.0180420702424177,0.183482328174324,-0.0182560848994293,0.123096928299598,-0.252968640867921,0.0924349109803413,-0.163622663614093,-0.230264611105145,-0.147750123797741,-0.035163850976443,0.0443645034877608,-0.037751973471807,-0.078885261607445,-0.0126610328713567,0.166352971011322,0.179572661527899,-0.0989227731918891,-0.00441497351500327,0.0913877588513412,-0.170453258778527,0.0963929415756996,-0.07254858218953,0.0801367192487336,-0.097909493913057,0.0998047791444218,-0.172349604362915
"988",0.409204914749336,-0.0215534414741552,-0.0171153140960128,0.0191510836573689,0.0574008033955659,-0.112124962297485,-0.0038119168549513,-0.12631596999134,-0.0827059576977057,-0.0373641477124287,0.042325295858148,0.178091379277893,-0.143986887529354,0.212464794185725,0.0940798639826084,0.278689806909313,0.0261206556625394,-0.0894824944691954,-0.130300733434677,0.108927527341115,-0.178068655349452,-0.0494000801123183,-0.0071093575983973,0.0496710141264862,0.0214494045932407,-0.0507344414463332,-0.0630264388592262,-0.0787500089648164,0.0319114180457807,0.00637901386707344,0.0341141617108651,-0.0306860848986228,-0.00431525616134407,0.144856852148433,-0.0287310741950244,-0.0290522612003708,-0.0154344719781694,-0.0161483657287127,0.0160022000749613,0.269192780451303,-0.0766761220636055,0.280906789200285,-0.0826697259194914,-0.0217548217907173,-0.198734938605987,0.133187436734699,0.25405923834698,0.0392069732002058,-0.214412144030291,0.172877115673264,0.0923585991256736,-0.0976659070538621,-0.0577605081864528,-0.042430457553366,0.108141004154144,0.118707207835856,-0.117062609637957,-0.0431574136831069,-0.0172940520653734,-0.0697058561843034,0.20465666018697,0.12431779101636,-0.0239638576296516,-0.00941260663021037
"271",0.0763662095356885,0.111378163672238,0.0878320882678503,-0.0727359231223281,0.0198841383648814,0.0897529489827113,-0.203389603540681,-0.0756718291982934,-0.0600334506053797,0.163985281619859,0.0734588642831916,-0.0046215076034794,0.10810925657974,-0.0162937443058123,-0.155351475339436,0.249059867374537,-0.144261521459171,0.026375362157062,0.0215847245601627,-0.0225036026166934,0.0269629957551809,0.0911243105187063,-0.233019545240059,0.130066146282144,0.192672862674897,0.041965141090845,0.191698345658391,0.0802459878450804,0.241144508194302,-0.105776419273205,-0.23470217014651,-0.077781912137454,0.0327355042863127,0.206409712978372,0.0999074905141358,0.157426739822478,0.118865225302349,-0.121725504228873,-0.232046492104833,-0.179073676694496,-0.157893322554142,0.200485976024759,0.072693553142626,0.124150083175614,0.110448116523937,0.0376704844470862,-0.0203110631856008,-0.0568968751326498,0.0233866170555903,-0.00785784481036634,0.0642395638425072,0.106103321839607,0.124076211842256,0.138316002650552,0.097246565312271,-0.078680942950689,-0.198930636095483,0.0382424766358131,-0.0714511229840221,-0.0799891997455535,-0.12926811858504,0.034322752232243,0.134332348036096,0.113494650360297
"33",0.132639259031268,-0.100086007248906,-0.265675826202134,0.101630554050385,0.122957946103839,0.122851509644573,-0.091688770336153,-0.225158223583658,-0.0996127666474714,0.0589839699579325,0.121065777154331,0.12720248982743,0.0421417366538343,0.0435415954051367,0.0849038126416144,-0.112558720883922,-0.231634232706417,-0.133404527205266,0.0346060568785322,0.0168199117863432,0.160354607895833,-0.0884781441964464,0.0183656896808309,0.0215249490503896,-0.091443031374573,0.141248604726966,-0.0567624508941603,0.017983168892693,0.0756849221456738,0.269911246014681,-0.121222744017876,-0.0174758457552202,-0.0551838266277603,0.181321866895337,0.158829870409359,-0.03379893704878,0.105399298237535,0.208059103774362,0.092520789093266,-0.0323610393088756,0.155381157001467,-0.21442672725874,-0.0395079666978565,0.0709123277639454,-0.255517943486917,0.0646978271494189,0.110808843247111,0.122047861333272,0.0734170445835362,-0.0744140730474914,-0.132496105503662,0.217506700459108,0.123903503042531,-0.136895433255902,0.0580779130625369,-0.0415448102867615,-0.0892185613818213,0.0938671154115772,0.0141151674478552,0.0195576277093831,-0.223952508960894,0.0616161332024277,-0.103160061253086,0.0712253490050094
"784",-0.136148545157832,-0.1145385506732,-0.273308992029344,0.195008494298068,0.11113609579848,-0.133156156747557,-0.113577285955259,-0.178584041813737,0.00262627167584101,-0.035504005334203,-0.0517840227890626,-0.116832310459527,0.0291163714589453,0.0364102761882349,0.043313960646929,0.105353997613127,-0.104185726666122,-0.00777469965827407,0.107202545548931,0.0605099446263017,0.03922464336682,-0.21778758776822,0.158064441293938,0.137946181871155,-0.223720157152298,-0.162767287524105,0.115880551741818,0.0912512819620611,-0.0401786935228497,0.174063070337913,-0.128726128835708,0.121719322447883,0.10990633639072,0.131156482229284,0.0587310385602583,-0.0806192548899947,-0.179079820594413,-0.14149353553864,-0.124585143746349,0.176177678231379,-0.0312108086107548,-0.0343821143372908,-0.0787852882691838,0.0184273676256795,-0.0377792200595919,0.237782259681706,0.241407067429415,0.167286287224117,-0.0708954905453064,0.0257803885060525,-0.0115112492167005,0.0704624701708145,-0.103293445616128,0.00812952803027111,-0.0964731817593685,-0.0416715517413563,0.186300808557348,0.0321994763145288,0.137400467411921,-0.196583388914808,0.0230824646302233,0.082132754517717,-0.10135824414679,0.182059597742154
"453",0.021651720665545,-0.00354086117648347,0.0841344946670132,0.00035335172795382,0.0525363536901209,0.0283753164721609,-0.036028231332438,0.0653599099379624,0.0103276767312979,-0.156388944404537,0.106150579137717,0.0445991375946406,-0.340565606382647,0.0382418659847033,0.339816659698785,0.0404568762349337,-0.194128763433816,0.0184151288063815,-0.145689399666562,-0.187119284106013,0.0413269078192132,-0.185979452612349,0.0643554101144578,-0.156674184809608,-0.084434725140497,-0.0823439995065739,0.120741981064777,0.0748555065191895,0.108469838088731,-0.162689358165213,-0.148489618939989,-0.182959277171457,0.0856057781556053,0.0878712863383542,-0.0956114072506364,-0.135084128366378,0.0561097245658553,0.179422914374153,0.173802179218225,-0.036201130911666,-0.0883933950649921,0.0996427926586746,-0.108192933591718,-0.0227481363043559,0.118212565233241,-0.101147606323718,-0.102634759763323,-0.171181110670533,0.123313451975846,0.0950292641505758,0.0740771630054468,-0.016737217827852,0.099384529327177,0.126173099926131,-0.208737875725565,-0.0727108389780586,-0.0709060138224386,0.0099053172110116,0.0902703710682726,-0.188600356977276,0.21439309397585,0.108493045832514,-0.0179656873876874,-0.0946563050879343
"548",-0.0816466419769696,-0.173128326005888,0.161028690520486,0.0541170458325243,-0.177495452813058,-0.0571910188430465,0.155145824777379,-0.0246054023545878,0.0832316591742892,0.206464094816483,0.110871605365496,-0.121499613045025,0.128829770506661,0.0496757862803194,0.0756535597543135,0.0902579262384979,-0.0853735315512735,0.0406251820578735,0.0312570211552468,0.0450823452428407,-0.17223726357065,-0.218339212678387,0.250479836296778,0.0165433589656796,0.198831448045759,-0.0743253892114975,0.00123355521831456,0.250669741844793,-0.0556383824604872,-0.0896449947911113,-0.0295772178017843,-0.13074239069677,-0.00725258948580853,0.0694418014464071,0.103924329015212,-0.0872478976834606,0.00220810356829738,0.00356030032483275,0.018993404960644,0.0723948414154514,-0.0853945532763883,0.285843164536255,0.0176923329381198,0.0926824085950323,0.0564545423459946,0.149276474530222,-0.105914209688673,-0.025690354442708,-0.175674463588513,0.0272437071596685,0.0598552810169955,0.279870197732078,0.10133506939417,-0.0681544088836582,0.216976724965192,-0.0722793126298167,0.150959884577834,0.231273975606281,-0.0679396047794082,0.131768119377464,0.10081278122284,-0.136020935428808,-0.0410927603233424,-0.0521041086231598
"195",-0.112462069545964,0.0925891160909735,-0.00914770695960256,0.0938712451412735,0.151045636162082,0.00465867932424372,0.0658245137941011,-0.142060762088243,0.0255351675473255,0.135461459183496,-0.0931314973793413,0.00953858071779166,0.0533587569676631,-0.0839395753022035,0.0808329384500398,-0.386860365010363,-0.0562937975020462,0.080872750944308,-0.205246802349965,-0.214575386169936,-0.0991239683950463,0.151486914101651,0.160868436160661,0.135244766887325,-0.0640551806038819,-0.128560728556035,0.15329245060696,-0.0381062329364256,4.25006202650935e-05,0.0255799317102464,0.0225526629775115,0.125807801759412,0.0665034801468609,0.0180047493096209,0.157508000341032,-0.0474199907771291,-0.0297330539215733,0.122319536013442,-0.0625554609479057,0.0963695692802992,0.0479233785645741,0.0222241096947694,0.103897224611701,-0.120976946031166,-0.210826687069903,0.185108395336453,0.33611237189309,-0.157777144203719,-0.157730090685218,-0.00276310617355645,-0.0528432042164945,-0.181172039040702,0.0882080762889492,0.197456191165295,-0.133824248895005,-0.144842640767247,-0.103896460377541,0.012532885234697,0.0546923674847772,0.0754992451635815,0.0611277699327213,-0.0729853399636001,0.00254028559293755,-0.103743734884468
"286",0.0480308823332428,0.160146662999987,0.0368909048533926,0.0631761240978321,-0.0182201517273969,0.210557323653851,-0.0873765244985869,-0.0681526092661334,0.217100308499988,-0.202180806937394,-0.0106849035609648,-0.115940909629417,-0.0849371688555222,-0.0794193487202659,-0.0542286803644845,0.176689906448787,0.0137420873859128,-0.136902831766999,0.0608294102406567,0.0842017360563466,0.319551258033989,0.0496810351397947,0.11075287264775,0.0947978965880373,0.0882156636023335,-0.0302337037973585,0.106413101341538,0.0151640889555843,-0.0417552402837916,-0.288446372974488,-0.0665431725655824,0.0938964093836992,-0.0977779988095119,0.218921034737368,-0.0947537547832024,0.119054492054706,0.322482614968115,0.132616389188279,-0.0251829645355168,-0.0889128581549608,-0.138421838433926,-0.0653374618570882,0.0528064142114136,-0.171250062732529,0.020009885658094,-0.191658373903164,0.0702260169766379,0.0821605826077757,-0.0141514764751186,0.0601753165431517,-0.0355109921515498,0.0449216265827199,-0.14419832794854,-0.21177482686764,0.0941073891322626,0.00327192422654316,-0.0908804677758075,-0.110857324899436,-0.0995943586512957,-0.0805174559926924,0.00209231247509663,0.0495186051328691,-0.223218920355672,-0.0232754666206391
"611",-0.260316988587855,-0.064879509223439,0.111298013866125,0.0712465044656977,-0.0330178983284753,-0.0661900061828114,-0.123190304457675,0.0171025153250513,-0.0148586232536152,0.0312559437157775,0.125326898943532,-0.0116890194275432,0.0416990654374246,-0.193022505415861,-0.0667171512294076,-0.0234143997043963,-0.0388014565038576,-0.02908478993927,0.0225306321883816,-0.135557279049681,0.18701580596469,-0.108258720119387,0.176222875765591,-0.00655386793867045,-0.198877685728155,0.153397660124903,-0.131517623677774,-0.184959707131825,-0.093542104337283,-0.0832054243720906,0.216226074354085,-0.217527310557257,-0.182787257793163,-0.0831726487326713,0.0498308132004215,0.0693993613885125,-0.123784434590519,0.0581332643854764,0.0879953673726642,0.0335874954228463,-0.202484862661596,0.0112814194243655,0.152065566813339,-0.0838744614165808,-0.0371466808324357,0.0280463168416809,-0.142572137664394,0.121530500463581,0.00646546148723379,0.184352829138369,-0.220576350123718,-0.179729297372118,-0.11958847249103,-0.163991314499408,-0.167546890662499,-0.145009957188973,-0.0567318406462032,-0.070116233543476,-0.163463063815165,-0.0358707904585041,-0.0983825743045485,0.245056118796977,0.0857137606652009,-0.0545298567922023
"701",0.0328650546810825,-0.0607455356864788,0.186898887456088,0.222954100658822,-0.0424870616579728,-0.207478092332678,-0.00476395620892686,0.00547044430721811,0.13240158640212,-0.0735439436814429,-0.0968929874178525,0.181360299190694,-0.194690799989837,0.269945159516286,0.0309636330780659,-0.0242607571464275,-0.00845919642519446,0.254409708108799,0.0737231085753784,0.151085728338947,-0.236619420668701,-0.0966775680746316,-0.00596103901773811,0.0593408596671275,-0.0322927864067367,-0.105888721430956,0.0114684358091756,0.131322270999155,-0.142148418530074,0.0373627718801384,0.103108587410444,-0.0479480087819924,-0.00949775255372541,0.274926225792557,-0.162169433601736,-0.172212210817136,-0.116170646875995,0.0511488569010889,0.0181274687748183,-0.293271027409192,0.0544285637979587,0.0911815478468733,-0.226211279653338,-0.0796209903455921,0.0303786651556416,-0.0612036504527801,-0.0370447719937613,0.019216710898073,-0.119363137655981,0.0250215986905392,-0.0329078347698208,-0.0638295066802095,0.113906097589789,-0.113284594456704,-0.139217090340742,-0.132814807144133,-0.0744596080832971,0.0275551190644217,0.0802736450423946,0.00976538124336993,0.024606546736635,-0.0423112894969077,-0.214546582721577,-0.0928649359228325
"473",0.0957056571554029,0.0625735355424812,-0.00560653411953993,0.273067794074059,0.117486531530417,0.129305242210143,0.0722192416903008,-0.00622310845481026,0.215188299743826,-0.0159422531616613,0.274238585090051,-0.0683331852472744,-0.0560686722195534,-0.016569970726251,0.0519217808099225,0.0106199259603829,0.0781582838510054,-0.13997055400847,0.17561533142822,-0.190889186553939,0.0114225735164811,0.010528300289272,0.0255532363444871,-0.0335394717011098,-0.100499719381857,-0.108295555540539,-0.00447203268530672,-0.104714336418213,-0.126379032413026,-0.0897184215659881,0.0781364613381855,0.0552426470340108,0.020612498459029,-0.073275478955507,-0.315836850384207,-0.162377994350681,-0.278217759597251,0.129499448209882,0.0133621481121775,-0.138085081489905,0.106367947811472,0.0761101645631557,-0.0108611142054582,0.0490039868920645,-0.0411346700483253,-0.222591978297791,-0.205025517977011,0.101697337058574,0.00710168281648036,0.0795260816197421,-0.155985928868589,-0.0969066995106996,0.000460521769547531,0.355454963631184,0.137698048072692,0.0381731764405528,0.00202015046822759,-0.00185061888300209,0.0950339914198931,-0.0866302777636894,-0.0254266579473897,0.0429133005489199,0.0884501978916295,-0.0244796298931171
"155",-0.0654546535182331,0.124762166225379,-0.139349798208448,-0.0762396321195073,0.130404388773657,-0.0390358653436933,0.156457117139569,-0.0041210960589754,-0.15907978912481,0.146193412019995,-0.0409715698826459,-0.127635073133459,-0.0357443441891071,-0.26832446120092,-0.199374563769995,0.000215658051737219,-0.144336140784536,0.221119744175242,0.0178968649890638,-0.225975110315411,0.0962203041729078,0.0219561306695678,0.18169540353932,0.0769520418238627,0.139568119850304,-0.046258390844604,0.00512534287550582,0.218374518649302,-0.128943185238014,-0.0313450829524174,-0.413849612090891,-0.0671652227708251,0.0796018590078793,0.116002918450364,-0.00238289247611895,-0.206498748453288,0.0649265246227475,0.0217897101955413,0.0819960418788348,0.169921102003719,0.0959391366591149,0.0416496824446645,0.0219807419843956,0.0998490580139147,-0.00894268599864016,-0.152037109647689,-0.0669552947207355,-0.0634990500155517,-0.00340099906820803,0.0229022677222024,-0.00327569672256858,0.102397157409419,-0.209250886183067,-0.0189230615997761,0.0496407837915134,0.0599499573969352,0.0185256879541894,-0.0241462537509642,-0.140795396124691,-0.15301769988613,-0.10812550565629,-0.072424500348936,0.0317560228266998,-0.150119331734035
"866",-0.0105173763755457,0.33118991914697,0.0518453814631434,0.125242440667614,0.0137678077147331,0.0270691028021627,-0.0716604075850058,0.190621658168461,-0.0113516060708377,0.0800981551752763,0.171004695552355,0.201402799904262,0.181947221787824,0.0978417347405816,0.0871309007919135,0.0679947032915101,0.0329216358117795,0.00778353995279693,-0.16635691097036,0.059963535978991,-0.145493838115645,-0.214593797573485,-0.117463769785608,-0.209401125785649,0.0312984089799294,-0.0667446997721536,0.0182079359116574,0.0748603099854785,-0.0603222370624654,0.152751378517206,-0.21139491416953,0.170519060708652,-0.142874248949753,0.0468451086088514,6.27167037421221e-05,-0.174993469494594,-0.167571572191616,-0.0970339044582189,0.0229791125561559,-0.0884523190866395,-0.0187729107116245,-0.0142771204857421,0.0287207868895473,-0.250196615220226,-0.139299103539377,-0.108483041921399,0.116740502281481,-0.117868079324003,0.120404484114155,0.149842954166131,0.0271341390904186,-0.162831419336343,-0.065228229619913,-0.0112887483906485,0.0103817115586234,0.18994014764942,0.0739917168730642,0.188356371058974,-0.174294867261497,-0.0989586056637506,-0.0158263274265588,-0.142928820455983,-0.0167023351251489,0.0142692697252417
"904",-0.0524701081372809,-0.115313028719488,-0.00606468323794187,-0.0366982516028708,-0.111254231888959,0.0104180042402186,-0.0414642421955756,-0.0651917448104168,-0.0648847568876195,0.160145466951609,0.222745603575039,-0.164715546466014,-0.287165996128401,-0.0132283251831573,0.147048959823518,0.201104188974285,-0.112324339173759,-0.216779741420558,-0.179431033506299,-0.044104693605195,-0.11674996231228,-0.184916573170987,0.127750514996915,-0.0117730569378665,-0.1039629640605,0.00186344385934146,-0.0390222471489271,0.126178286066891,-0.178910508164145,-0.143442663670734,0.0128324599234972,0.209917132035623,-0.191760364718752,-0.0519010539944747,0.0383038428586145,-0.0963251235721188,0.044828470418562,0.285122855658221,0.0181058104273173,0.114787865698172,-0.00126988685212239,-0.0119842879078065,0.0579559885417897,0.0312543530160086,0.0174916338879394,-0.0569787962196357,-0.0354516886483658,0.0639319177549002,0.0388901471327585,0.285219754690373,0.133694256849877,-0.20189165970955,0.0253362695132125,0.229392533035557,-0.0542151287952464,0.157653782232187,-0.132553030245379,0.114532893357386,0.0340747580095117,0.00611578766258287,0.0115269829768201,-0.0105429097631065,0.120729651967685,0.00627429505645055
"522",-0.042974281027015,0.0991783610568873,-0.0229848003262582,0.12393281346261,-0.0374498645150873,0.0922138820547058,-0.0194461688906947,-0.332433373570612,-0.0526752079552519,-0.232312864684213,-0.194797167398024,0.00849310517902005,0.0490987994748632,0.0618482102220954,0.0232203184481456,0.122353885586945,0.0832880879581591,0.00296416595705683,0.108169999405584,-0.101137115539761,-0.185606969736188,-0.0900570267771305,-0.308288604342246,-0.0346072773252399,-0.0777157761383018,0.0551869158493331,0.182797566113774,-0.0364802691302917,0.0183919346815265,0.0947548486288095,0.000244229828372692,-0.0230461251810441,-0.0589869036378852,-0.116402240646039,0.13849582644689,-0.070727648801964,-0.0486137589555222,0.11019172058687,-0.0166551434881729,-0.125465577339491,-0.0892370391537233,0.126976020967729,0.0305143579668303,-0.0715092597643815,0.244069235680783,-0.046803905259694,-0.0702028955343182,-0.260313617649518,-0.0941660100121155,-0.159396953700032,0.0923407272507348,-0.0574143966728806,-0.104512275425009,-0.138897552447001,0.00704538161784021,-0.00363776498242179,-0.0491892212103767,0.107236609942794,-0.28069353991152,0.183925965278751,-0.0591390207936551,-0.0090321965144736,-0.16949854148791,0.205499847229593
"830",-0.000253025273904661,-0.0615667863642654,-0.00928623533937503,0.0301684306772678,0.00301095979380146,-0.0200557393309912,0.110874755602958,0.193796615754289,0.19136757678763,0.192107723601679,-0.14734525529593,-0.344763902749729,-0.170749119008368,0.194762610644205,0.0229912987042465,-0.0442315369080386,-0.114456262206971,0.0642426255797645,-0.149973683726122,-0.092398847207624,0.140266103634524,0.179355936885212,0.0168555029961193,-0.0781151965196268,0.170066463107741,-0.0334299402902128,0.303541789529047,-0.09796407613689,0.026324047399622,-0.232833011840573,-0.0802791245456457,-0.0172945108262842,0.0230047263336768,0.089542248857467,-0.110139126767665,-0.162233735171749,-0.0219749437894442,-0.123026613948659,0.0238104551438669,0.0635161142925159,-0.00745801306445752,-0.0310219570627749,0.00813019913035028,0.140368394385183,0.229601715147213,0.0700413054136671,-0.0886819807518391,-0.114008218840943,-0.0469543003628692,-0.118312062342053,0.0106484398151154,0.0375852320385283,0.14865385823777,-0.157147533746293,-0.089474049485551,-0.0434797609901923,-0.0134448894331759,-0.138104735245088,0.253028703640962,-0.0178537438344372,-0.0938252984304046,0.115197643583368,-0.00914264447517527,0.1212818661424
"992",-0.0783496003353306,0.10326554969186,0.118129729873008,-0.0234798927870998,-0.195420519582453,0.0406018541675058,0.15327486745718,0.00543927410667963,0.181676452021279,-0.0778757079362524,0.0486093485757162,-0.035201301051701,0.0572370438253369,-0.151765007310327,-0.168734549543507,-0.0484043667305246,-0.0924974941277301,0.0669710332233441,0.0949056654900811,-0.0670866218710703,0.0153187084294603,-0.101639177045513,0.00546121944277941,0.184306934031113,-0.0375808401420147,0.0334202112665061,0.11995446964711,0.294750655065247,0.0263143718587232,-0.00511529036704569,-0.0146966647415556,-0.00826995491806542,-0.0339664126286819,0.0996954189325879,0.160353549091665,0.200197173998271,0.0301391316122802,-0.158467323277832,-0.12723961906789,0.0866796520846755,0.14793847636365,-0.0537505430087334,0.114381342070139,-0.169099243488789,0.111710500300176,-0.046511359887157,-0.248191235879291,-0.322133160493772,-0.0740591656107477,0.135605725305929,-0.0375503387184363,0.108758107620446,0.162420980445391,-0.0455123671268527,-0.11220733674791,0.108388645330583,-0.167220912981825,0.147838005121341,-0.131946712971916,0.149571478631148,0.145211025420315,-0.195683418678303,-0.0276569127711091,0.130018143563444
"59",-0.316595672605706,0.11268995404717,0.0573647041680777,0.0863207552525523,0.16182034248798,0.0826328946592251,-0.006981283001647,-0.25060616464605,0.154893718950694,0.0216872201803012,-0.0553460312818255,-0.114556039289007,0.038470767268548,-0.129403220495676,0.0699705373354259,-0.0178197347032114,-0.195068029117925,-0.073139268998056,0.0259801039881407,-0.0158007057154161,0.0105486153762484,-0.181411469743372,0.0623246061454657,0.191500763572683,0.16390764674164,-0.074381714007863,-0.115431578190531,0.13595495803197,0.136227007996132,-0.0496448359391918,-0.287358430789689,-0.140086602174124,-0.00269745237883727,0.0309674296904441,-0.103658565220592,-0.228646278344536,-0.165958609553823,0.0884445946639343,-0.0934362891635369,0.277098260609801,0.00289030577085473,0.00860774514972613,-0.11885498847526,-0.010837461237167,0.0438460591118927,0.0477360351683159,-0.0712383321969969,-0.132125957050519,-0.0555170616108124,-0.142868359458042,0.154406290916812,-0.111821969425756,-0.0342403124964459,-0.206017156798162,0.00643723605349231,0.035361888485164,0.147662679494764,-0.0305836680564744,0.00754570299788984,-0.0753987725349385,0.0174012295664697,-0.0238442438597182,-0.0666387711126558,0.215805660986186
"159",-0.0714419103178012,0.127168427819617,0.0849713534651979,-0.107784618984842,-0.141803931315754,0.246963988925394,0.186281454610059,-0.134657896744457,-0.000133455001612279,0.0388081227939428,0.000596452446970268,-0.149241899397356,-0.0178168526898493,-0.124558363868604,-0.0424681351481675,-0.0973731803670487,-0.291951345013922,-0.153022343995917,-0.0382487231942737,-0.218976429269741,0.0261578166046719,-0.0753693326898848,-0.0925952914987421,0.155541854027365,-0.149619762551911,-0.0942643436671502,-0.274884320334221,-0.15645598205924,0.0364109948233352,-0.116917759975081,-0.163721397898216,-0.131844352202602,0.00634727334903397,0.00760445477511888,0.144840308734084,0.0344099163555162,0.192647789541936,-0.0362139002261275,0.156990891092541,0.00629769274902562,0.114982234008363,0.049368798463849,0.034741067182725,0.056408955187611,0.0333144366473548,-0.0565310409568114,-0.0464533204977847,-0.105216554403981,-0.0365585182506326,-0.220964017585443,0.0661654547920751,-0.107627398969322,0.0561362072413723,-0.10427454125191,-0.12878604068075,0.0542833654722092,0.0518031329212198,-0.15914260268986,-0.124525440389088,-0.197910515952514,-0.225849777924532,-0.132750756888199,0.0491441562532325,0.104885937152726
"788",0.0143799691993631,-0.15621936768226,-0.0260722067299419,-0.0628934887134169,-0.0484725274115135,-0.169202001629669,-0.0205630681690298,-0.151856656809981,-0.179135908443513,0.0319799769563486,-0.205558309395107,-0.259548670194213,-0.133859631076765,-0.000543323857105414,0.146929257116152,0.0501474361486271,0.187914454774539,-0.0999261684275405,0.239036097406461,0.0279955145024912,-0.0593874854606516,0.145129351877136,-0.0287334198849671,-0.00314109352844017,-0.14719827723849,-0.124834499292826,0.250602483839878,0.0849423260604104,0.10525379058734,-0.0830483188925564,0.00677222262036068,0.0138770979483285,-0.100596831878476,0.0715837920206335,0.107960378842921,-0.00835870310562215,-0.161632753383792,0.0615725134336608,-0.0924944417723725,0.100549326077086,0.129259614336773,0.0629432161785632,-0.163676779909756,0.0150914530232227,-0.142857696112379,0.108895022104494,0.0148754858948179,0.269400689629402,-0.257800410871999,-0.142061766903353,-0.0923357575900403,-0.0107624832468122,0.130104897897041,-0.0302300425000845,0.0782922493440032,0.110576793250442,0.0209253412058823,-0.192008522541942,-0.114192060749984,0.0638880514894061,0.154082424012984,0.163045647717059,0.0820002299993963,0.0784239313656862
"234",-0.0533522331464247,-0.0712027633804534,-0.113374367529059,-0.078471556636587,-0.0308688955609243,-0.0966245660555442,-0.173463672029797,0.032690824925505,-0.0520463562857506,0.000589406798172869,-0.015924501166585,0.0384420807775003,0.174258248770447,-0.186519012204216,0.0458362337875584,0.0337813498265158,0.090713239721105,-0.142246749671104,-0.0665787593858211,0.0265782224258235,-0.0816751499027797,0.0914124595724655,-0.152271232497427,0.0650370837187245,-0.116018177857072,0.0664605482077396,-0.0110781565209231,-0.114896735869811,-0.122860849497959,-0.112161821993367,0.0108720482854576,0.00242111015873972,0.0537916088595517,-0.261229820636796,-0.0300357139452438,-0.0690201783800905,0.196743426985072,0.141376016519765,-0.335876093227801,0.199065790210197,0.105222453852807,-0.121181058837259,-0.0262927424575362,-0.0467540868492177,0.092890369874439,-0.0942021149359775,0.109301797314645,0.253040906430339,-0.236185648750096,-0.0656965979512799,0.0315382413427954,0.066718050840168,-0.00827875237884085,0.0446910739988366,0.234696303052726,0.158594061454788,-0.0203530731585796,0.17950928656275,-0.190167240426356,-0.11242877508197,0.0657131665013754,0.0287542802411935,0.279743293453023,0.0316727656218934
"148",-0.0514373268672866,0.116551977889089,0.00246242190330609,0.0400068276180653,-0.0736595779273095,-0.0585691014514735,0.136393685415171,0.0119085146331793,0.197935787332781,0.0414730206694196,-0.248523711671453,0.144570445532291,-0.0894461015267836,0.216037444865397,0.060286203623437,-0.328169074472038,0.0351152318692051,0.129987401775312,0.210110898072879,0.00400719118164569,0.136214784393044,-0.0447359638018892,-0.0978648343687094,0.0205089610671803,0.153916567072579,0.0379586900783899,0.174828423761879,0.163489955216113,-0.20333228541015,-0.13987627314902,-0.136609241020072,-0.0378031417087345,-0.0586981144411977,0.0371029963818797,0.209461056071282,-0.0536930114906712,0.175454297296353,-0.0593406174534143,0.0368746019884154,0.218504604565484,0.197520621445001,0.000488291809473539,-0.0950852047431676,-0.0749406492372438,-0.0453862019591388,-0.00913529751588181,0.0346647893336921,-0.0385854458159556,-0.0372668589994004,0.0821123420564435,0.0509230173499586,-0.155780194177512,0.172362370547885,0.0320677504469181,0.126522327769062,-0.248823963326174,-0.0310308858573259,-0.0132294289028207,-0.038589056972202,-0.0448144353938521,0.00280243726877218,0.192604668036083,0.0968029052312962,-0.143071824308378
"495",-0.0924777797620889,-0.147845135744343,-0.0235499148013965,0.171433987985751,0.294578902249357,-0.110417069898023,0.035980066975862,-0.117467148052714,0.162281406042848,0.0037555691152376,-0.0117585814103574,-0.335504666471198,0.0363581251921104,-0.0986311301707217,0.0955380280887428,0.102235938755805,0.134193190337481,0.0196240929438836,0.0730200825445357,0.177393610838286,0.0684570282928276,-0.107569047114793,0.159236451219965,0.0443217409454543,-0.156193909790841,0.102093668633837,0.0680962329211167,0.0989800683734776,-0.06805503274182,-0.0647559810196104,-0.143888628158142,-0.0893598795109922,-0.0674905447597717,-0.124116347128846,-0.186906704237455,0.151946520595296,-0.153411196230316,0.111378308274182,-0.0937295238497546,0.111530512099449,0.142877775046839,0.0726244413268158,-0.202969030756342,0.0528989154619337,0.160125733542839,-0.141208777786747,0.0663695693192085,0.139530373990045,-0.0113342655824496,-0.13765742636119,-0.177691001601641,0.0920383212473477,-0.0716343887351348,-0.189438722756683,-0.0988019322290882,-0.0531384881374689,-0.100719440915561,-0.178737825957675,0.0891372554372479,-0.138400578921893,-0.0700434812967882,-0.062570398141947,0.0695600843085344,0.0224054678456397
"791",0.0273077055482272,0.149137891443267,0.032536693126465,0.146180846601561,0.145372295976428,-0.0166258174889679,-0.227806490725709,-0.205244493637094,-0.0500242290410714,0.0778706614863851,-0.150866521430984,-0.173584675728867,-0.0907967838452079,-0.119299544000718,0.241202531121187,0.0525442767549103,0.178785851992241,0.0788683816133092,-0.133012702542569,0.0768266842933879,0.0168744102561368,0.181758446613474,0.180145873690765,0.144916343229372,0.0150355668741785,0.0020625212216535,-0.106098332403624,-0.00646548185312827,-0.044502264532855,-0.0139959800093987,-0.108704974738142,-0.111248424213493,0.109976192203473,0.0630461760806914,0.0613037708285611,-0.165995467137799,0.140806406520328,0.172518390457137,-0.0808343290604127,-0.0672852344187931,-0.0652201872919182,0.15266432593538,0.0329758349954379,-0.0604097427344517,0.09793085233393,0.204405486691696,0.0931109578414661,0.120600044097858,0.182500322982012,0.12489384383787,-0.137416870632728,-0.00939484694178719,0.0799995001798113,0.194195332437229,-0.162624825130607,0.0685159877313854,0.0873128130843402,-0.0826242166311342,-0.00404618129553466,-0.164802053948405,-0.144497819550787,-0.126526016210201,-0.22592891041299,-0.142210454324151
"647",-0.333034867266885,-0.0791145522832241,-0.0111361046072969,-0.0457776113477945,0.0349317068660207,0.214860194982306,-0.0521974962824962,0.114771042301372,-0.19739664420656,0.0650261118438704,0.145502423562071,0.000453503611803104,0.00808031600546377,0.0608404202620018,0.0646552062243851,0.119951988038938,-0.134538854428964,0.0806519644179457,0.154336881280899,-0.00646916001407192,0.0136772539386131,-0.0199435672363524,0.167523207196852,-0.125169287518776,0.00158641849352082,0.0772407610841719,0.185414558088234,0.127408659763895,0.0412822566418976,-0.12437428150166,0.134357368420695,-0.062154707211485,0.0824608522481904,0.0973855475132241,-0.235522487780116,0.0805783697880389,0.280756321872396,-0.193856642419954,0.0820739599904689,0.106197089829897,0.0404971937728679,0.232128932852642,-0.0241634089177015,-0.0174569725592885,0.191308348533567,-0.119239900280947,0.0239329244227074,0.0364098282111735,0.104439051830981,0.201669725752426,-0.124413985230401,-0.0915880864543879,0.0804916043256724,0.0521616532846653,-0.156949137133545,-0.0787828734952662,-0.187569540276412,-0.126572642427924,0.0416091300108456,0.0558494484473717,0.0793849041348966,-0.170785993630618,0.114481015209158,-0.016325871413856
"445",0.113435828429867,-0.0750137936363052,-0.0932859231442434,0.0120866545865671,0.22466927217517,-0.374425944172985,0.103764126704242,-0.0385891598831739,-0.00136127430487507,0.0132368331982386,0.247180557033028,-0.242693671771207,0.0946833540451308,0.0305437752547557,-0.048844726171599,0.132018563868456,0.0130151258750783,-0.111135746093003,-0.135552413383271,-0.131688919980596,0.280876023095132,-0.20670645256027,-0.274684819320984,-0.018193099952665,0.00966112051090813,-0.210418132505699,0.0692440183342411,-0.0782172413007241,0.00277924447383242,0.0165141899062258,0.0550999576749621,0.0478735589401523,-0.14418446280007,0.0130733159000925,-0.223067001840137,0.174261824228225,0.0572863820982892,0.0946971899437884,-0.0331357101254676,0.067059039064654,0.0327568517615597,0.0440046192084395,0.018024752078535,0.0217246316515119,-0.10535781099196,0.0507372360546491,-0.17326194632788,-0.0649774504654746,0.0166045237849408,-0.0272432604927046,0.00293987184192917,0.102458765906603,0.100512804672165,0.0431522394159358,0.0754275854978494,-0.0111196145667497,-0.026162732702961,0.06331645913142,-0.247423509391271,0.0885940761793879,-0.14099562507374,0.0783198700503679,-0.012452146843792,-0.11587989442795
"524",0.0321025372041702,0.18204616451694,-0.00399730308701361,-0.0210778520212818,0.0827670647845392,-0.0108959256107014,-0.0821937420888524,0.1161845164509,0.182690219556481,-0.00473806584059469,-0.118245160072824,0.0657439966958395,-0.0343534572921742,-0.192985568232355,-0.0761260049412757,0.0545676788738963,-0.0760257565264651,0.0849666202719019,0.137150241110771,-0.116634268557659,0.0854818898490848,0.0145846341653552,-0.0575971049381135,-0.169503654100425,-0.0121980907326301,-0.0923067420525145,0.0226714138544727,0.166976865683544,0.0726252638875969,0.220803569344939,-0.195036655876493,-0.119797119862137,-0.093500565002438,-0.0439492966757662,-0.0164706771100714,0.154374876574941,0.213455900673476,-0.205226566348306,0.149727876706316,-0.141852767841721,-0.142954635669004,-0.178278412618419,0.183859921570683,-0.221205346195626,-0.105244390593689,0.146945768065244,0.0336907352023912,0.33989323973932,-0.212899919357211,0.110818795454155,-0.0311544808189989,-0.109767559145052,0.0486587613249625,-0.0379374188903941,-0.020691240330944,-0.00480215557490257,0.237838802546444,0.143550933169833,0.00628428567547446,-0.0132907638394094,0.0843854614327806,-0.0257365016935687,0.0245477224591221,0.0288621139866261
"736",0.108712450474234,-0.0695986899075541,0.0331400608073173,-0.213933283489091,-0.126753668720265,-0.026157429656042,0.130843641858418,-0.164088824852304,-0.111569173790009,0.0692613450418449,0.0132417235514868,-0.0376193440587834,-0.0124743824382805,0.111628478137417,-0.111136536476615,0.167687914198774,-0.216230408899567,0.0213519654955389,0.0233867249478054,0.111871662168276,-0.242203644536601,-0.0133804963202139,0.235231019890042,-0.100174646319046,0.133688541015906,-0.0076459656163352,-0.114390336249621,0.108289446678851,0.164586100213998,0.107754602137,0.061097216302897,-0.264278147414019,-0.0483164371046202,-0.0190800566785709,0.080817581467046,-0.0437939556996279,-0.190732857722821,0.0133002163632026,-0.0434333652761798,0.217120585896784,-0.113869406696529,-0.0211156291193033,0.00231726393828539,-0.243765585321834,-0.153373710666662,-0.039853253797469,0.0321548021373499,-0.0374558166225903,0.247666680078924,-0.116480274396458,-0.0778462363748111,0.0375423387751965,0.100694404662958,0.0344674933852728,0.0581351744034823,-0.266096046025558,-0.0502978681265997,-0.137585123882753,0.0626965832576755,0.171389398175895,-0.05180263034817,-0.135216258029249,-0.0529381475582619,-0.143901627285855
"23",-0.0239194901043215,-0.139540447547285,-0.266137623565833,0.0681854510059535,0.00260583568075764,0.0248544484337353,-0.0406172760179032,0.00403019675718234,0.0226901569316653,0.0360860601844261,-0.0181589751939287,-0.0238036889375073,-0.00447336416464463,-0.235031266566055,-0.186858181593664,0.0955062240230843,0.109235220654298,0.114860385634894,0.111178943420692,0.223249456611178,0.0910745288480876,-0.183463093428531,-0.140939618628917,0.117551988525134,-0.271987753876888,-0.0341209304766566,-0.133150859289884,0.181579044842726,0.182283974059866,0.0271809484307716,0.0398583105489743,-0.0832224441658708,-0.00204100770711816,0.0169973004692135,-0.35597171538167,0.0993287332074899,-0.103635736033266,-0.153203140091832,-0.179437330028905,-0.0361267274632855,0.00124673433739715,0.00155285548178181,0.0378662178571049,0.209807414513046,0.133647847336044,0.00839788768191149,-0.0799288904354217,0.225830080029726,0.0249303254813989,-0.0566143575080931,-0.0084325351172166,-0.0729017846870211,0.127047516231219,0.129396625158237,-0.0281301685005825,-0.0596029597273408,0.0485652339553778,-0.0765185969246888,0.199254241620028,-0.0268544992302565,0.173898049307769,0.122029489819292,-0.0396710638110396,-0.0417367771961547
"227",0.0581502327766544,-0.00453318480842357,0.0637496126986985,-0.0249134347304858,0.0943335538477253,0.069362038138156,-0.174167798051424,-0.142699020110156,-0.0544293077922619,-0.0680551823998533,-0.270323722024803,-0.127250142791066,-0.00356646822253197,0.0248007037571948,0.167466890168718,0.0955234373648465,0.175131306409815,0.0330851583772849,-0.114674916070093,-0.308806249074282,-0.121913120241581,-0.057576391561134,-0.0459897062343394,-0.0239132576549297,-0.119429120499279,0.000448412179097242,-0.0358145697910443,0.13662598827955,0.0572050944068106,-0.15135406006295,0.203150274144549,0.0843214313471171,-0.0984086163822061,-0.21349746474572,0.174001830961314,-0.124092144700192,-0.193026324851225,-0.19139503849119,-0.0807316260866237,0.00912811147193903,0.0721911877148914,-0.065613935262757,0.0172190314465929,0.119190408856551,-0.246359494262119,-0.0257086070851206,0.144974491928484,-0.218269187149527,0.0949864096354472,0.12863084760025,0.161360047604202,-0.0088023137340688,-0.18975641561171,0.0422448668593719,-0.204997420280351,0.0586101202570894,-0.0142794521147437,-0.0520006756323635,0.0586805051646766,0.103092949028679,-0.126662500310005,-0.0442871723249404,-0.12060407302511,0.0547898363612047
"325",0.199417828093245,-0.128999648153075,0.00077508331422912,0.112420161681046,-0.0325175997329384,0.166125092617554,-0.21982798068179,-0.060518315414749,-0.146350910585258,0.137316016018616,-0.0998757706734905,0.0294491698268089,-0.124237556823471,0.0302750998120718,0.307694994120642,-0.0729233382568771,0.070134582198802,-0.17048784356248,-0.0648462279235892,-0.151245484123293,-0.288420231765568,0.139856246540757,0.119112213756354,-0.104390458386601,0.155681228174026,-0.266852190459704,-0.0812762485722733,0.171234193691332,-0.108503150402825,-0.0822420601908574,0.0883414779242845,0.00327998483815892,0.162740603861822,0.11808012519421,-0.254533795534758,0.136807016787936,0.0722280332848246,-0.11805704151429,0.0518854098912468,0.0446431148672505,0.0770748619553667,-0.0559388766008866,-0.0465777611654356,0.0802424720894071,-0.048594728550055,0.0155750415209169,0.0485635911415891,-0.0632464597055243,0.00947086825208612,0.00700131748713488,-0.000689159120102073,0.07631507261823,0.0359025077157267,-0.120198743553561,0.188830280056449,-0.0915779893474517,-0.128121729087845,0.104318135187919,-0.0699104829235964,0.110853686040043,-0.135963123362451,-0.0951463043167037,-0.12680733350993,0.0893324342451649
"14",-0.0357829694074779,-0.111673870174343,-0.0325743952715182,-0.0608680769037567,-0.0234408707063747,0.0276309357423393,-0.16717544531925,-0.0297906832454399,0.0413237314558141,0.0632774584611384,0.176429163063193,0.151282380404512,-0.135621223076503,-0.0383769329625749,-0.0898321199181167,0.184542309784763,-0.0518625639486237,0.213239796746558,-0.156805167428225,-0.0901191699007362,-0.167857618974013,-0.0595213320982091,-0.0810263576846506,-0.0528622489303544,0.0966360310235395,0.0648969104455412,-0.0803398244187936,-0.129601218035087,0.0352993601622973,-0.00531465763244146,0.158323511587213,0.0122263492985638,0.0197198959365002,-0.160219349301533,-0.0918083709719252,0.05965128303503,0.0855343001971622,-0.0291093800640118,0.157876613344968,0.326431195793222,0.0999545428636764,0.00349660664371731,-0.0164781975577272,0.10041511919878,-0.102827655005104,0.103174657384883,-0.0998969898969079,0.0685077735505048,-0.060274286291354,0.420639507870927,-0.0119092943518221,-0.093447369655725,0.00360786467569974,-0.0529558729740893,0.018641700251448,-0.157075765266584,0.0645961725942178,0.123539708366394,-0.125721071425818,0.0176800957901245,-0.0568643901093778,0.104970268261235,-0.296165186213987,0.235869951171025
"221",0.0539493339885518,0.25354621164186,-0.262642396408788,0.0114607060034035,-0.022112577686081,0.117311227460195,0.0896094916979286,0.0309763978544476,0.216362063312411,-0.0763434287810626,-0.0261441721181399,-0.224898099388699,-0.100668782875956,-0.0455554050675968,0.126690209145219,0.106332064106551,0.07437907869276,0.0238431487393076,-0.140146693044537,0.10398316005157,0.0604853594673995,0.289194416660329,-0.273171384275813,-0.235760358671553,0.0469877528978596,0.0676321679630837,0.0812225832032942,0.0337547869923229,0.0314105387968654,0.041208043264104,0.043503374224783,-0.0437792757325882,0.108769727391058,0.088651938033706,-0.196922162214717,0.0872501242647779,-0.0995905554131301,0.0376950343669331,-0.032564496215863,-0.0656063388280968,-0.162449339744078,-0.139777092952177,-0.159155094404012,-0.114690428960417,-0.255581920446586,-0.116075666625697,0.225961680634891,0.0863394023185837,-0.0740345216126877,0.050230937225996,-0.148983533411085,0.120841797050794,0.0254528252604291,0.0656804719670021,-0.205836254207318,-0.0212694158123812,0.0656591694870491,0.0400861855115921,0.0367805156729476,0.0199983467792948,0.012227859097401,-0.0824066020275313,-0.0839992157345355,0.056204469445982
"420",0.183459051039473,0.0668000018594967,-0.270478746641252,0.0567250518106913,0.0563822077541585,0.0102553761816954,-0.132599682719632,-0.106250353242385,-0.0147026209507734,-0.1379844743547,0.0420722070353265,-0.276134764676091,0.171561078148306,0.0711728285212544,-0.0679735572800778,-0.0131018822127786,0.104971142723434,-0.119559241333988,0.0346740287327903,-0.00571309286110463,0.0315181565058227,-0.172285944963896,-0.0426098544652888,-0.133010141056871,0.0620833131639047,0.0400665026993611,-0.0921885359215283,0.0287929150724451,-0.0611449490977166,-0.0793503319166733,0.199404089987572,0.0107366476277047,0.00502915064728466,-0.146459092241592,-0.210418012562444,-0.0980270219929253,0.100616883010522,0.0481894600520046,-0.089335176658444,0.219632958275294,-0.195163905523052,-0.057805577193453,-0.0645726920375429,0.0567310838726821,0.157358460272354,0.0537192970508901,-0.192770719361702,0.118062029326807,0.173249833938647,0.0199994647302105,-0.0100603661334558,0.0427653275337652,0.321437106355568,0.170022500109842,-0.00670270879752208,-0.145826007560752,0.0195818674949706,0.129366291414309,0.139377090528403,0.206300585593862,-0.171940795192739,0.0365314523764245,0.0885439112959417,0.00548940593486424
"124",-0.133136535786576,0.0569459216575981,-0.116731018620278,-0.0669389047050608,0.0622355720199554,-0.0212497323734053,-0.0148224225688122,-0.0110902937026077,-0.29405840243032,0.108074268296399,-0.150130674625946,0.0518187119555086,0.0436261161214788,0.049624561508796,0.242238834951009,-0.195697732846591,-0.00258114821311061,-0.0966096257010909,-0.106697698284216,0.140396674167471,-0.040163533142391,-0.0800932171117184,-0.198713100793865,-0.130269176717213,0.0352019690430492,-0.102392644280381,0.147617015471927,0.00982830592340703,0.0983163445441274,-0.247412513748595,0.264449964137694,-0.114287970318676,0.0530121778829064,-0.0207856495820316,-0.131000477562067,0.0944157431574078,-0.15647021350743,-0.108136245858442,0.157889039629356,-0.133371295831943,0.0660853298942245,-0.147380505876132,0.201243482966115,0.0746870151390205,-0.0887321578790476,0.135901486051522,-0.175331517419839,-0.202305320129074,-0.0419885625980335,-0.0345293279067311,0.063047252535828,-0.0940874954334524,0.181791353170246,-0.0999226572651897,0.103650861184616,-0.0848178348064872,-0.0118134938529324,0.0705585110736963,0.0981870147906651,-0.0311597346736825,0.111005198862559,0.187846029996706,-0.0507651769893383,0.134453758580614
"439",-0.136733480454285,0.0803626323350727,-0.130166230321401,0.0351026601074872,0.136283326431625,-0.091449024170305,-0.300098410129527,0.130145944653994,-0.061024780001457,-0.0208722310593443,0.0631349916484585,-0.124587168075533,0.105259446742385,0.100517763914986,-0.0200916059516621,0.071627221852269,0.0234350195886542,0.0584620787497915,0.178623138550357,-0.185632825918014,0.0904172960273966,0.155740500363809,-0.0860760795163784,-0.275404275516291,-0.0704607519654765,-0.0343864813454136,0.167557352394739,0.129923447097197,0.167228924987283,-0.0522121173886381,-0.0766377480554843,0.125587143200807,0.0762659896712301,0.197086974055983,-0.0526825796112729,-0.254673818802576,0.0865947659418449,0.167907568616353,-0.2542330607993,0.0416444289332582,0.174648541243498,0.0474676481872372,-0.120575770661804,0.0084394816354928,0.069131204564254,0.138926143782676,-0.0126914376524561,0.107487145632202,-0.0497768195521416,-0.079158325094981,-0.150095668652757,0.0845307018918954,-0.0404716490982716,-0.209343146280733,0.0733686466317681,0.0268507650223756,-0.0963554915294273,-0.0912442114762906,0.0321624224449334,-0.203663674308875,0.0168872166349766,-0.143654675098774,0.117772400185025,-0.0218926413974031
"369",-0.0501158814430442,0.109462485807774,0.107397860060039,0.0171404271954356,-0.135500489147474,-0.142250630694634,0.00268630523704198,0.23637165832076,-0.0214100328910418,-0.170673076723635,-0.0144858218266583,0.140797198890104,-0.0117975304459529,-0.0230403894627153,0.0617635708357852,0.0509322607862159,-0.219735888073276,0.0921527336082174,-0.196552801896922,-0.1531628600543,-0.165523923898361,-0.0307431384316923,0.209647895260722,0.00682132153882084,0.0624820074846673,-0.191765585805953,-0.0437469843725198,0.0594107533146152,-0.00893867715972034,-0.0160732501138199,0.0810863103665276,0.082102314139981,0.0304438310438978,-0.00388296579370933,0.0776127876980077,-0.177690027492929,-0.0138936889010549,-0.288586055087852,-0.0289108251457776,-0.0323869064105239,-0.0192232551077803,0.0938411871833217,-0.280501899191696,0.2262281252282,0.0403220895665774,-0.137845666009685,-0.108226965443637,-0.116785323601841,0.127029470171503,-0.0759456267065161,0.0323684433788851,-0.0101968342707727,-0.166204093755021,0.0446973306080194,0.0220047011298105,-0.0946447429775706,0.184431135414532,0.091507082210994,-0.120430648373707,-0.196307055391193,-0.27183262683923,0.123974128087499,0.0538792221937081,0.113535858303753
"274",0.0518608751593033,0.0484508433888238,-0.210845317374951,0.0897541888090292,0.131210971362433,-0.0543399169374131,-0.275830186999324,-0.160672608238945,0.120955755639947,0.0300205965000948,0.100167438550415,0.109251264268887,-0.264497849895763,0.129401708508443,-0.0495267219593502,-0.0302896212493255,-0.0875919872118932,0.0665954618307474,0.00875768309787463,-0.221400288407431,0.247086689235351,-0.0822238994910927,-0.00301157118811502,0.0661202736155439,-0.122994796302867,0.190925539008824,-0.12799265262864,0.115591092416964,0.19253252175922,0.0184892630384308,-0.0575585828353854,0.0249891489001479,-0.171237914568442,-0.126093429922959,0.108567951135448,-0.0523383589408425,0.0149954584370955,-0.00866111419704917,-0.108515647979495,0.0155926290759209,-0.0713755157016815,-0.0847811165750348,0.0384180937213909,0.11408726581826,-0.107485466635442,-0.141332155579791,-0.20560765244019,0.0878273314649951,-0.0243682036059358,-0.055456518119796,-0.279971118377537,-0.0484616644530169,-0.128456365546592,-0.244143170506176,0.223852350741111,0.00200979959189418,0.00200352353109413,0.0543985925511388,-0.121921025957802,0.0201321694893539,-0.0444258441599697,-0.156161510899112,-0.0298444413824607,-0.016675934669975
"915",0.139822998375521,0.0698470462360978,-0.112699181263496,0.0978881033084027,0.160306869384923,0.0275784206408203,-0.249854117434876,0.136209771177215,0.0159826064361109,0.116328032487374,0.120546999907544,0.10107080912554,-0.00423530249034743,-0.00830215841217729,-0.176522095034951,0.0966142548770955,-0.0110732383422232,0.0254883176618699,-0.162558613851721,0.123699255041352,0.0583343364813325,0.0422681517001707,-0.00534995467402657,0.174554547241237,0.161124751221696,-0.121967406341991,-0.201146994084738,-0.0101419311124207,-0.254999565373952,-0.111672800297096,-0.000900249186183832,-0.0227246442363057,0.10890461682363,-0.176623788734986,-0.0971623364905628,0.174817071261226,-0.0249096624879065,0.174744896243702,-0.108898888799953,0.00184401082369041,-0.10710337880609,0.0135312906114274,-0.0612922036698214,-0.124245450565891,0.140096629915182,-0.0852475800165853,-0.255999598252157,-0.183092986431782,-0.209433794413858,-0.00366428794385538,0.205161816013921,-0.159151518212008,0.00969504526205013,0.0615417401853118,-0.141621881778012,-0.0494361388728789,0.015142090002687,0.119913656363345,0.128338585198115,0.0499737002660537,-0.153888053304413,0.122206931113682,0.188745053036156,0.0275689336740675
"764",0.0137008168283796,0.0557953684487835,0.0883876980270362,0.197062820627078,-0.157776532208423,-0.0835604615756493,-0.0742340737917911,0.140983851436055,0.179401772960158,0.114788030939901,0.0240363229846084,0.195030293830838,0.0722392401220413,0.121146882897822,0.195114639749343,-0.0219819288403301,-0.0135534634385463,-0.0362945734542358,-0.21811452767811,0.142583229645819,0.0350741807218962,0.159264458878944,0.0810637698804753,0.0851192407180751,-0.103478344691097,-0.0631397209929449,-0.0981364908446722,0.175945446049964,-0.0373033631320676,-0.0279662981409493,0.0592596494740635,-0.00729053603655678,0.160937324737833,-0.00136027999394338,0.217170256796668,-0.0153309260872572,-0.0756655189538419,-0.0048522510215922,-0.231748883758745,-0.0407770086507141,0.132833249124664,0.231186865750277,0.142396601133106,0.184069809579109,0.156204628095153,-0.0558088287083246,0.18233120156629,-0.111606115068671,-0.192967121566755,0.149482576462708,0.0360216447171636,-0.0949228833262094,-0.219471744240075,-0.149841790921569,0.0674149779176111,0.0431529486205195,0.119623299599976,-0.0236475695041751,-0.1091608187545,-0.0625415338507903,0.147104544461263,0.0859924465131777,0.19988299171625,0.00653644069239567
"686",-0.0640299770997104,0.291679823155544,0.0864107521244522,-0.0434178750220302,0.0339135888573267,-0.0552457163078844,-0.128180751176083,-0.0276389165710689,0.0245063838374814,-0.0022691932304657,0.0690072711597095,-0.148936813290083,0.0865515770685547,0.154280416864633,-0.0823706365565602,-8.06269583696648e-05,-0.113591584121321,-0.0378098962363492,-0.203754787660373,-0.255449780418045,0.141248136540062,-0.0276973752574747,0.111089739395979,0.156317616722631,-0.0264023766014885,-0.172044123056792,0.0891015276227353,0.0129938601795443,-0.0243698532127437,-0.000957352593768856,0.0903756455867698,-0.0612561226885017,0.0392168657751454,-0.160266300155047,-0.128455002174511,-0.126811090746095,-0.0437677944498203,-0.00314405121783014,-0.0903361492418221,0.0787125217322501,-0.185720608175061,-0.0913942071356262,0.103395020937402,-0.00739775597622178,-0.0826766419861249,-0.242111514757155,-0.000572499648741208,0.0908078978490978,0.242197941802219,-0.0385139632098407,0.0707605996172857,0.065236643205538,-0.283021352350064,-0.0192567999807896,0.020412697285347,-0.0645706106946622,0.137354927367231,0.359537387525239,-0.168630399091118,0.0435731420021526,-0.0756080910677998,-0.117471363377812,-0.15228494592828,-0.0768998027097255
"485",0.104581688725455,-0.208336823707238,-0.219541918333435,0.183053456443135,-0.112968024226977,-0.0859582412075588,0.0631665550027898,0.0160189261644371,0.0246726473586572,-0.0112440701124019,0.282037066112637,0.111133620700342,-0.0770731746304409,-0.0880013414435078,-0.0522861969774288,-0.0718172781542822,-0.386936641463135,0.137914743693991,0.00873482532846282,0.085859947233651,0.170452836711525,-0.174203914345494,0.0344927227360563,-0.161468565578344,-0.0253926422966406,0.0757147610355251,-0.00456174938887796,0.116109964081933,-0.0776218732247361,0.0627644671906622,-0.147822606715793,-0.110683588463659,-0.006130769375077,-0.0314547675227058,-0.0737702037918837,0.0899403439272272,-0.0340834141885736,0.0667145090298217,-0.027169866438125,-0.0177086614707362,-0.0619778889951257,0.0614881550141324,-0.0643207578016377,0.174714056207708,0.0315241175783729,-0.0514042488568401,-0.100936169887341,-0.290511302772633,0.109441304504864,-0.0493948013370947,-0.265915315385824,0.126389617551624,0.077625855574003,-0.101638148698346,0.0856840122689968,-0.104184342876005,-0.028174098657838,-0.0203966639239997,0.0642644508656652,0.0404366155729552,-0.151948380330194,0.226589374913224,-0.130434126669104,-0.0524128305013121
"744",-0.20884064184055,0.0154021831710902,-0.0693634549268783,-0.0443010418507541,0.162565409258486,-0.0860948147504757,-0.0121819779770817,-0.0590908943043508,-0.241257850866566,0.0208207709941016,-0.303174314797315,-0.0130646165984504,0.173393049302701,-0.0550738552301224,0.0072691158233898,0.100488745827397,-0.0429927491215709,-0.0516657011418488,0.132089218831855,0.0493164739483121,0.109642993744212,-0.206378963909316,-0.171710082201429,-0.0804450182434425,0.0099232695762682,0.166292103982793,0.148327523702458,0.19359785197934,0.421384829102662,0.0553265898120564,-0.0190733129989521,0.0310402285648037,0.0261665744684737,0.22161112242061,0.00251040997923249,-0.0552608087207719,0.0956089193617271,-0.236071916690001,-0.0783684651915491,0.160777361009333,0.0180369449136918,0.143865570607807,0.0093237753812324,0.115375173820889,-0.0821346540733976,0.0675919039192602,-0.159550552564027,0.106754771333726,0.0934474570554441,0.0798787483339194,0.0236284477706578,0.0218397335930939,0.0384146497087278,0.112946744869243,0.189914146199692,0.0295586817185329,0.0667736701239753,0.00833294035921443,0.00185997156708004,0.028434178375337,0.00679431132078385,0.155076430803069,0.0426571615499598,-0.0537061048621481
"333",-0.0904117601613496,0.263560295786287,-0.0364825439326934,-0.0704478240331807,0.0102374327158565,-0.107299062181495,-0.0154500436572952,0.228491350616826,-0.018747134145766,-0.0520565296201497,-0.0560340390265087,0.0229034308636212,-0.228810377748299,-0.109089196360251,0.0574882367625695,-0.209136554329544,-0.0571692247472763,0.127070601509834,-0.214444731797647,-0.157271693439706,-0.0728741032111748,-0.0852505870981443,-0.0261691240774898,0.13390758381936,-0.203833472132942,-0.0587950469885734,0.0365877611558492,-0.0799855139330123,-0.0021630735621424,-0.0545912509300108,0.121840112631273,0.0111016948882582,-0.192419795638988,0.00381677914952584,0.132156564636572,-0.00868084868368002,0.07484716372687,-0.0702528030622811,0.161709255538736,0.0530579746262304,-0.140561166574626,0.0369551804810007,0.064667743992238,-0.115887204169767,0.0128538122368599,0.236486081488928,-0.192831347119675,-0.206496015893746,0.0116657900791841,-0.0585826810387028,-0.00557281394411578,-0.0241124796240102,0.123623382673737,0.0380658602844618,0.405519294265337,-0.148780003003533,-0.0597086016074899,-0.00951802222032456,-0.1438953203062,0.0339147706549479,-0.110290330497551,0.0403007712243985,-0.140775242263483,-0.0813008998474213
"705",-0.132418455797018,-0.109015892530593,-0.0547928480419865,-0.0253276144585343,-0.199501841268038,0.0108076895311812,0.0959771745731663,-0.0594852940849508,0.260793601745364,-0.129245733061192,-0.146118147810147,-0.135185071490757,0.102731374580705,0.00486638580700943,0.07779044520468,-0.160147520415746,-0.135199639901368,-0.160514008250699,0.0966194791183141,-0.0822679820427827,0.173854706233871,-0.0973226585709734,0.0533621794718318,0.119888315202626,0.325536809800934,0.0797232668654457,-0.104378147173879,-0.041537403088551,-0.19088608075593,0.0532876179956929,0.0622884335768998,0.0934683441988964,-0.0553599615480046,0.000592166868682203,0.00266544144658332,0.127917112552657,-0.136227015020703,-0.230219984331931,0.120661031324678,-0.00532325784038171,-0.065187708700075,-0.175640103250281,-0.117364470554321,0.0277343727445192,0.0929383997898646,-0.0455847533835776,0.0198294032062351,0.0349403890215594,-0.0500775415173092,0.0852648396646251,-0.0166948503203461,0.11459738286088,-0.12530624201573,-0.192176955187238,0.148080383727465,0.126475103846593,-0.0395501291071153,-0.00362649476832641,-0.124824252220765,-0.147848436757651,-0.244543291340009,0.199337608737851,0.175423086172215,-0.055801784481435
"171",-0.0300375166874826,0.0627386591219389,-0.108538920708064,-0.0677146871657136,0.162777929736731,-0.0879242365595019,0.0497082775926376,-0.131513177721234,0.0639022451127695,-0.181419347109248,-0.0879677884457079,-0.0236600101617775,-0.120172951892288,-0.0370966809392304,0.094671025690828,-0.0754868724756151,0.23137157914129,0.0916680478052457,0.0947044576959755,0.101885179217578,-0.159107300054848,-0.0970578384945379,0.0575768381281533,-0.0613388417826196,0.206621746576662,0.11153916020197,-0.0629227949541675,-0.149736055339649,-0.193505056106103,0.0960203465034296,0.020340529834287,-0.0307102249733298,0.0900912151522702,0.028145137735383,0.197354832958736,0.0676750591376828,-0.3296233344081,-0.181405523887001,-0.0921288096348998,0.0323549907475152,0.223402659556818,-0.00627398507775126,-0.0117374976815424,0.0306380928501321,0.211164963513534,0.098925994744814,0.0659268049196186,0.157644931714713,-0.226176243521407,0.0472272107967924,0.115165526594536,0.0261289959143489,0.155251336495923,-0.214445744967251,-0.174518481389715,-0.0281155150717941,-0.100520008439059,0.0832370389057718,-0.0345877127834283,0.13910364155976,-0.0936904506963077,0.039889654023492,-0.199009587405221,0.045193727788931
