id,f0,f1,f2,f3,f4,f5,f6,f7,f8,f9,f10,f11,f12,f13,f14,f15,f16,f17,f18,f19,f20,f21,f22,f23,f24,f25,f26,f27,f28,f29,f30,f31,f32,f33,f34,f35,f36,f37,f38,f39,f40,f41,f42,f43,f44,f45,f46,f47,f48,f49,f50,f51,f52,f53,f54,f55,f56,f57,f58,f59,f60,f61,f62,f63
632,-0.25810045,0.17870058,-0.093143371,0.20747506,-0.0023369042,-0.11288743,0.083893158,0.088974296,0.034136472,-0.013845726,0.32970212,0.16609852,0.029674127,-0.1015267,-0.080958115,-0.019623832,0.121273,0.19115036,0.20409292,0.074476573,0.076533963,0.040262715,0.09177206,-0.11522274,0.042581595,0.052913382,-0.043541712,0.10676457,-0.11172945,-0.085736081,0.13598641,0.062194084,-0.099447269,0.031764299,-0.2528458,-0.13007363,0.1076256,0.074475862,0.037995566,-0.022594869,-0.056876028,0.022964444,-0.066538684,0.098051107,0.17738161,-0.14696613,0.046781641,0.042197507,0.043648427,0.057832827,0.18668276,0.054399698,-0.039901055,-0.089656393,-0.065234413,-0.011725802,0.051441531,-0.17457589,0.36333743,0.14337072,-0.15138139,0.11688307,0.11318762,0.026255594
629,0.11549834,0.004094218,-0.10879557,-0.1258928,-0.11431675,0.19970291,0.11745406,-0.14023288,-0.078136763,-0.098283049,0.098577471,-0.25592776,-0.25272894,-0.25618523,-0.08940417,0.19185792,-0.018010605,0.12167795,0.069524555,0.061807199,0.059514132,-0.047514697,0.043609189,-0.036637666,-0.07062204,0.054700561,0.08110722,-0.01365952,0.047502593,0.12673406,0.015502166,0.11350503,0.14552885,0.11487257,-0.15420239,-0.048506864,0.097177631,0.27641254,0.082560946,0.03965133,-0.15505199,0.074746488,0.0036365193,0.0675676,0.16223128,0.24939954,-0.057333217,-0.0193012,0.047565664,0.10354711,-0.11195167,-0.018629096,0.15935136,0.083298228,0.039283736,0.071694254,-0.18973154,0.0053308602,-0.14348053,-0.062972642,-0.27673752,0.097320932,-0.18786653,-0.017693536
215,0.29319342,-0.049255465,-0.20397405,0.068115561,0.036221457,-0.04733935,-0.15088408,-0.061404806,0.051271559,-0.21759033,0.032803749,-0.1201099,0.13306744,0.0041128414,0.105578,0.18024131,-0.044260437,0.046346272,0.17100192,-0.071397817,0.25882695,0.17682419,0.15465636,-0.094684094,-0.16991159,0.25003171,-0.090661155,0.061127679,-0.028450272,0.094716792,0.078354182,0.034256125,0.091006037,0.052036492,-0.058188793,0.20096656,-0.014709248,-0.0214059,-0.029101787,0.049995763,0.09464163,0.079910428,-0.01019295,0.02783184,0.18481658,0.20880395,-0.14336457,-0.18143843,-0.11843044,0.13755993,-0.099410691,-0.19003734,-0.14900966,0.096897257,-0.064299903,0.12855168,-0.054020223,-0.1912297,-0.11737222,0.019269461,-0.14429128,0.030474935,-0.018286159,-0.072580905
497,0.23059099,0.062555327,0.13905889,0.038978735,-0.009677041,-0.074039842,0.08219792,-0.0844029,0.092260086,-0.24723546,-0.23999742,0.023301245,-0.2069702,-0.024048386,0.17509268,0.033526574,-0.11269845,0.12246843,-0.002667098,-0.055523089,-0.1902363,0.13280011,-0.053129779,0.1161898,-0.013747213,0.021771646,-0.24692222,-0.13070099,0.12902553,-0.024010117,-0.090418211,0.097197997,-0.048456191,0.09124842,0.16385936,0.14179379,-0.052958654,0.35124432,-0.035047755,0.089743749,0.11285954,-0.25414802,0.0057946675,0.097025945,-0.041849767,-0.12721961,-0.070170228,0.073610025,-0.11869443,-0.0099395168,-0.18546274,0.091959481,0.09867425,-0.13524861,-0.06442131,0.10321743,-0.12620697,0.093660939,-0.11375445,-0.098834746,-0.14714933,-0.056618965,-0.05768111,-0.038909912
887,-0.02989009,0.058853075,-0.067696035,-0.1307098,0.031590106,-0.013419556,-0.12719294,-0.024884996,-0.026370641,0.054545202,0.00021939599,0.034005565,0.12434424,-0.1881344,-0.16877649,0.029706936,-0.082596564,-0.054090136,0.013454702,0.0063491275,0.13133767,-0.029316239,-0.15747508,0.11964845,0.0065751967,-0.35498126,0.060056794,0.052111226,-0.12185208,-0.033143586,-0.11371812,-0.063751607,-0.12726397,0.18801695,0.12651394,0.18239912,0.088478384,0.098995684,-0.0080683538,-0.11469562,-0.24315567,-0.052486838,-0.16311369,0.061423201,-0.31618546,0.1122082,0.35630538,0.11622962,-0.037672666,0.0034302775,0.069546838,0.066218473,0.14261691,0.1258318,0.04296402,-0.019262358,0.13803969,0.004871917,-0.048411055,-0.03844858,0.23780215,0.018112194,0.15244167,-0.097061539
549,0.19859577,-0.040110789,-0.07264415,0.090652418,0.071068954,-0.10831813,-0.12630202,-0.069508835,0.076056177,-0.095267079,0.17476745,-0.082048859,-0.066072135,0.051764891,0.17115223,-0.14914726,0.042314,0.12846933,-0.12665968,-0.069020468,0.11722703,-0.059786341,-0.038170644,0.036000347,-0.24073016,-0.10812925,0.006300537,0.17576184,0.028814996,0.28986363,-0.10446813,-0.12222304,0.08180396,-0.039460994,0.11884559,0.17608582,0.042407396,0.12819861,0.050135793,-0.21027217,-0.20605636,0.046421287,0.053315535,0.11285921,-0.13034046,0.1338525,-0.09136985,0.058268488,-0.027491775,0.16647629,0.14491037,0.03933196,-0.19945525,0.20042929,-0.092071531,0.0021757356,-0.14508284,0.072790843,0.087199139,-0.11303611,-0.07404549,0.018841703,-0.25430099,-0.21177642
450,0.13761972,0.027607687,-0.10070196,-0.045359395,0.1628599,-0.13278325,0.088049518,0.16862659,-0.055359491,0.12082414,0.060586819,-0.040385296,-0.1115663,-0.071819202,-0.12416898,0.16341383,0.39132321,-0.1212584,0.0695493,0.15444518,-0.35376822,0.091237027,0.067157983,-0.1558077,0.015153479,0.015431096,0.15020404,0.051347176,-0.052998818,0.080029225,-0.12375671,-0.22107855,-0.21198753,-0.024365696,-0.14578163,-0.2442899,-0.029862857,-0.058549085,0.097193618,0.10479655,-0.033020173,-0.062477673,0.1075662,-0.1403202,0.096946222,-0.20310752,0.073344116,0.19306972,-0.018257196,-0.042916694,-0.012669032,-0.17129592,0.049274425,-0.08429958,0.060425157,-0.027119963,-0.11255515,-0.035951423,-0.042675742,-0.01360725,-0.0014412525,-0.0033483723,-0.057896136,-0.038753575
835,0.13555511,-0.21125828,-0.053002887,0.053357162,0.10544734,-0.0061424891,0.27458426,0.017808883,-0.14000229,-0.068519363,-0.13873987,0.01175735,-0.16750221,-0.11209849,0.1229211,0.088070534,0.078983496,-0.095678521,-0.0012708859,-0.075968784,-0.15045165,-0.064965049,-0.075783443,-0.055438896,0.098488661,-0.078885232,-0.059600746,-0.0050313649,0.0563893,0.27155109,0.057214291,0.074343122,-0.10739526,0.0064413932,0.079354301,0.18227588,-0.14146604,-0.18760408,0.034307217,0.0061984683,-0.14996994,-0.10774164,-0.053288223,0.039135489,-0.099869555,0.035275171,0.17210017,-0.058369575,-0.02919066,-0.13007806,-0.022357171,0.12748304,0.19141612,0.072603601,-0.11622399,-0.026169321,-0.3090877,-0.13685173,0.088597487,-0.17542338,-0.16950412,-0.015951861,-0.29003738,-0.16846439
245,-0.078864432,0.36580463,0.00084645,-0.0037807214,0.12124038,0.046581767,0.023474178,-0.02347138,0.21979182,-0.11174135,-0.15141618,0.017723038,0.072493259,-0.092238379,0.0096975518,-0.077849195,-0.1873121,0.027693636,0.093424143,0.044554301,-0.15597545,0.0020314666,-0.00019517233,-0.045645041,-0.1389655,0.1057567,-0.081386292,0.09591093,-0.22849497,0.082996228,0.12405813,-0.045417869,0.021466823,-0.13882559,0.075275465,0.036285955,0.098407962,0.17498252,-0.12274027,0.091840109,-0.14060835,-0.24845771,-0.13020362,-0.17042086,0.054164619,0.24790192,0.011771334,0.12746211,0.10927579,0.060022465,0.088448359,0.22566222,-0.16531794,0.0060693631,-0.1116947,-0.13005202,0.096061799,-0.13094112,0.10335545,0.0062923382,0.086563055,0.16914593,0.18815952,0.061114118
661,0.060907107,0.11972923,-0.11312051,-0.20780235,-0.22102085,-0.0072232814,0.045985012,-0.057824518,-0.13260122,0.19300689,-0.028035751,-0.051044946,-0.18485477,0.10466437,0.070963736,0.0029466891,0.043756127,-0.090796871,0.031361154,0.1073453,-0.1239089,-0.12330657,0.042059034,-0.022019163,-0.28773061,-0.054599356,0.098075234,0.02083902,0.24898157,0.0057613948,-0.25146627,0.20093458,-0.087268688,-0.017112175,-0.098187806,0.10112823,0.04935913,0.057369749,0.093372614,-0.0048498792,-0.050568024,-0.22561295,-0.069005965,0.095381635,0.10005496,0.014914981,-0.016070006,0.022310986,-0.016848645,0.17498422,-0.0086324966,-0.13770899,-0.30802528,-0.13200705,0.011331909,-0.18224385,0.044960134,0.022960833,-0.092081506,-0.29999702,0.022467155,0.12828731,0.068697117,-0.086230049
897,0.0050466926,0.14436389,-0.12758173,-0.11622138,-0.022294212,0.031615929,0.13590084,-0.016795922,-0.15387767,-0.087723121,0.059117327,0.11046023,0.030637502,-0.038507407,-0.1607489,-0.011835172,-0.01686704,-0.033902982,0.060137262,-0.18503815,0.16421683,-0.10024468,0.11248034,0.044957405,0.14820128,-0.13397697,-0.22452765,0.018335413,-0.13735982,0.35166804,-0.25102517,-0.14550074,-0.11530036,0.047356808,-0.043349196,0.020483896,-0.24302966,-0.063650287,0.12045343,0.056632634,0.24341042,-0.00090036522,-0.17682506,-0.030084456,-0.058042918,0.065601729,-0.0060565923,-0.19117192,-0.22327595,0.00031737101,-0.064867987,-0.068049429,0.0013945804,-0.053276437,-0.12299387,-0.029343066,0.076976635,0.1654846,0.021013021,-0.065357222,0.059395611,0.11636295,-0.27921771,0.018658145
531,0.14273827,0.03006078,0.096658573,-0.16678138,0.037374097,-0.16036415,-0.091677248,0.045646142,-0.07951973,0.13513105,-0.10307086,-0.20340644,0.13329653,-0.056037897,0.022647263,0.03078599,-0.05194347,0.39673602,0.23222028,-0.11464653,-0.025496417,-0.072136009,0.021293585,0.11421417,-0.027971376,-0.0074761676,0.18540307,-0.071690134,-0.027235922,0.19518572,-0.11507773,-0.15999645,0.024652215,0.091369994,-0.069376034,0.22842163,-0.16298814,-0.044129072,0.070879766,0.19709591,0.030892516,0.2132943,0.028339131,-0.19115071,0.039981439,0.041680574,0.15734478,-0.076785471,-0.077845724,-0.091599374,0.13442542,0.13600513,0.0016254588,-0.12955173,-0.095846822,0.082871349,-0.16921701,-0.019749003,-0.042559045,-0.17954326,-0.0855888,-0.16811496,0.04188946,-0.0087654944
713,0.24566971,0.029295159,-0.16456656,0.030129932,0.20846644,0.23517839,-0.24565855,-0.044708559,-0.11691966,-0.067324323,-0.14245131,0.052966966,0.083993094,-0.20893782,-0.27285217,-0.0079460213,0.075661587,-0.060884566,-0.16811941,-0.065447482,-0.15316566,-0.012164669,-0.034649876,-0.083659527,0.097469324,-0.054737851,-0.2017526,-0.050118298,0.097614387,-0.0010940159,0.084996256,0.0051374741,-0.0019521048,0.10539758,-0.065306579,0.0042600162,-0.11936907,-0.049704923,-0.059071032,-0.14907251,0.088420389,0.088055763,0.096921007,-0.018634012,0.13327227,-0.059284339,0.10994999,-0.081423996,0.23374858,0.11066949,-0.07613633,-0.12350722,0.033640841,-0.063130542,0.16728103,-0.030916419,0.12012374,0.32848822,-0.022879352,-0.083192529,-0.11765514,-0.017669883,-0.16492157,0.14360441
683,-0.087380407,0.080630458,-0.092880963,-0.16175561,-0.13588997,-0.091473955,-0.010143888,-0.15636849,0.12082541,-0.033291038,-0.16753285,-0.24841606,-0.21429821,-0.064733878,-0.15385394,-0.034611117,0.075228246,0.068365282,0.15082471,0.10539248,0.030594955,-0.031064314,-0.088120975,-0.15028058,0.27724836,-0.041649021,-0.0015493442,-0.023653104,-0.12585904,-0.38401514,-0.004541143,0.038475426,0.07875794,0.03871835,0.029043806,0.062906725,-0.03724205,-0.012881965,0.008834737,-0.078978111,0.11051465,0.039595572,0.028573963,0.24409068,0.12189939,-0.18280451,0.13886219,0.054105555,-0.073610147,-0.089029104,0.010549833,-0.20350942,-0.2018603,-0.079187552,-0.10820585,0.017742412,-0.1476722,-0.049309875,-0.069814434,-0.14633673,0.16276155,0.059842896,-0.14124145,0.13894542
574,0.21436424,-0.037475899,-0.065669947,0.052498501,-0.050157513,-0.16707437,0.0070756133,-0.054646849,-0.075321311,0.079571491,-0.066641736,0.020760354,0.11839366,0.081213122,-0.15118994,0.034279468,0.11656838,0.12398513,-0.18473342,0.019109234,0.19417756,-0.13347231,0.53477742,0.13759431,0.13295477,0.083377031,-0.085439015,-0.0051568056,0.11028394,-0.089326162,-0.15474479,0.14343348,-0.18566348,0.0014864192,0.19210611,0.039697949,0.084217988,0.05038227,0.11703687,0.093690115,0.059713645,0.099290852,0.068935405,-0.026696035,-0.033902898,0.051887781,0.040897954,-0.050973309,-0.029866129,-0.20538006,-0.048601493,-0.00092009176,0.056500349,0.024418677,0.048099009,-0.19500805,-0.1234272,-0.1361942,-0.015179561,0.079005046,0.089741171,-0.053030348,-0.00036739966,0.23943562
511,0.10502702,0.12222863,0.040943355,0.10531896,-0.19100466,-0.03302571,0.12487221,0.10255774,-0.046466708,-0.03950781,0.01037118,0.28682296,-0.11906505,0.044319448,-0.10605632,-0.18132983,0.03023033,-0.073000371,-0.10090419,-0.081507013,0.17682354,-0.014034641,0.16059872,0.26291867,-0.087666756,0.0096897934,-0.014046047,0.10295153,0.16572656,0.058255812,-0.079950947,-0.010397339,0.069205369,-0.055237056,-0.034127642,-0.09062988,-0.057975492,-0.19601944,-0.028090466,0.17553092,0.080011877,0.066349517,0.1113084,-0.14959442,0.19154302,-0.093206824,0.073449382,0.17370375,-0.14427857,-0.066339702,-0.12272321,-0.014467702,0.29332862,-0.11848834,0.20535379,-0.13131696,0.036993121,0.1027614,-0.27507385,-0.045420932,0.051265373,0.06745241,0.090323329,-0.15404875
366,-0.007306725,0.18849636,0.15140693,-0.09931624,0.085233093,0.18733068,0.11172736,0.14287495,-0.088165759,-0.063475446,0.10583613,0.15596038,-0.065978887,-0.0098088947,0.048071444,-0.13688034,-0.015055516,-0.01307434,-0.067926286,-0.036444631,0.030122688,0.079055082,0.17294295,0.13046504,-0.043142763,-0.062876358,0.052164526,0.041101335,0.083477785,-0.13904925,0.040933873,0.06116072,0.066602659,-0.15458647,0.00015899423,-0.041428351,0.1536029,0.19680636,-0.31865271,-0.15602033,-0.016881799,0.08560679,0.13014277,-0.25442088,0.025757959,-0.12638616,0.028127822,0.099611161,0.091787202,0.17374589,0.18374728,-0.061660319,-0.34520816,-0.079501496,0.037463999,0.10753595,-0.25321787,-0.13110626,-0.045359447,-0.090670045,-0.12224789,-0.024675772,0.11977546,0.10084219
501,-0.17395748,-0.0083953642,-0.027046916,-0.08786198,0.085731337,0.026522117,0.11506311,0.0028473133,0.14004552,0.11171667,-0.07578541,0.01577356,0.042882604,0.064849751,-0.0037663413,0.11979267,0.24434671,-0.067931627,0.18792431,0.17201901,0.010766764,-0.17486128,-0.031713702,-0.033163842,-0.06763599,0.092591602,0.041320718,-0.0133856,0.0066412244,0.24002784,0.022348167,-0.058670524,0.20121639,-0.047312255,-0.13998849,0.087753572,-0.084211549,-0.12897353,-0.1544068,-0.21610429,-0.1245286,-0.073688716,0.10587815,0.10638962,0.077761598,0.32706659,0.026257237,0.10983721,0.11913923,0.13891152,0.16881028,-0.03213153,-0.14294602,-0.1571936,-0.012205326,-0.14014519,0.026697832,-0.030968072,-0.17107385,0.20013915,-0.21899982,0.19025501,0.16161737,-0.0027604054
445,0.13112145,0.07403206,0.18986764,-0.16059217,0.00022285515,-0.11635309,0.17187597,-0.08803921,0.053833478,-0.00089244604,-0.082175819,-0.098625691,0.18856844,-0.073245238,-0.091217287,-0.020464924,0.097382936,-0.11282933,-0.21253833,-0.14956842,-0.030769978,0.021320298,-0.058369046,0.08724807,0.15221614,0.24010323,0.063835688,-0.31412933,0.024402797,0.15019192,0.090918823,-0.051194649,0.019696558,-0.055822678,-0.066368187,0.062205544,-0.032471286,-0.17367069,-0.020943928,-0.16233979,-0.078415086,-0.015449607,0.062643619,0.017963413,-0.014462519,-0.1014237,-0.0082243215,0.047232259,0.063051463,-0.39939867,-0.11456329,0.26603773,0.022023699,-0.0310679,0.15106807,0.058865755,-0.12586479,0.069070877,-0.14031751,0.15832433,-0.063887581,-0.03422414,0.067807579,0.17960559
524,0.19439792,0.051979035,0.077107832,0.083830892,-0.076618217,-0.081239326,0.067020317,-9.5890074e-05,0.079508676,-0.14754179,-0.065278518,-0.070414176,-0.12641652,0.071159833,0.0055780158,0.14348309,-0.28008384,-0.10481092,0.081987728,-0.19663039,-0.10435597,0.086214219,0.0060554745,0.032151835,0.10268126,-0.072611943,0.035798872,0.025205733,-0.082237822,-0.21896787,0.073948593,0.10204196,0.037522476,0.17304255,0.14681821,-0.078219187,-0.12142461,0.32316076,-0.21040957,0.1145237,-0.13659804,0.17008289,0.19180663,0.26847355,-0.086148061,-0.080701514,0.0072100807,0.028242077,0.061042324,-0.08212131,0.0018978,0.065296885,0.032335036,0.037039465,0.010051984,-0.31026673,0.20276919,0.13523079,-0.092838222,-0.050794299,0.067844676,-0.041595004,0.059906308,0.084797196
185,0.070489113,0.061999659,0.043515965,0.010304465,0.028537226,0.0017111693,-0.11597772,0.01825532,-0.18028478,0.15762094,0.24426561,0.01803723,0.12225638,-0.078176696,0.14153087,0.024030967,-0.30395607,-0.23421296,-0.046107991,-0.11969265,0.1586903,0.014403435,0.035759254,-0.25012187,0.10535881,-0.094960234,-0.051700257,-0.13787755,-0.023963479,0.082749339,-0.19959374,0.056921183,-0.050505212,0.037888917,-0.0023072825,0.13044285,0.07595508,0.011190623,-0.23257843,-0.0010959739,-0.053093192,0.18024283,0.25432521,0.059894596,-0.092413864,-0.20401027,-0.0044689479,-0.13740359,-0.035481056,-0.0003951318,-0.049376669,-0.036866348,-0.13797729,0.01472569,-0.030185988,0.081322814,0.22454924,-0.096850952,-0.33989403,-0.039165394,-0.015446342,0.08469907,0.011456468,-0.021904779
582,-0.088193709,0.050903764,-0.0090344928,-0.059137758,0.12561204,-0.0093344371,-0.1363722,-0.0245623,0.023944641,0.014496318,0.019808289,0.043928067,0.022330309,-0.043912408,-0.015366868,-0.093136425,0.17493431,0.010021574,-0.023843168,0.13648661,-0.30322015,0.15319483,-0.0334358,-0.094700343,-0.18074196,-0.33088305,-0.22773572,0.24739052,-0.078506404,-0.14530466,-0.15096631,-0.1322831,-0.22017727,-0.061466713,0.084588848,0.1370318,0.10351215,-0.12632109,0.15754605,-0.12909455,-0.082746553,0.10513584,0.039977993,0.18534363,0.057600856,0.1921963,0.056227862,0.06197288,-0.001086872,0.13442969,0.042070293,-0.1876835,0.10549361,0.17593818,-0.12987695,0.00080128104,0.087765688,0.12631616,-0.14129525,-0.056115095,-0.036185446,0.068989406,0.15443787,0.013920888
943,0.071044081,-0.089639524,0.092531775,-0.11067536,0.07570096,0.087002049,-0.087473885,-0.234614,-0.10530882,0.089926305,-0.10375598,-0.07287214,-0.02408101,-0.086644042,0.1425222,-0.0057148731,-0.14596122,0.13277916,-0.21503373,-0.031478431,0.13212828,-0.074333682,-0.034698847,-0.19516229,0.089581234,0.020049395,0.046566535,0.13572013,-0.04016734,-0.14141132,-0.05357235,0.25132914,0.13216197,-0.19735052,-0.081869954,0.085884824,0.1345755,0.25557547,-0.028636637,0.01168673,0.018457634,0.031196181,0.11344463,-0.18295741,0.042185382,-0.018182329,0.16303754,-0.11763116,-0.051769339,-0.067160971,-0.31306256,0.1776641,-0.02215345,0.18771439,0.083674493,0.012012647,-0.18200782,0.18057355,0.026376546,-0.15104546,0.0041008641,-0.024797133,0.092678689,-0.19533802
924,-0.17953238,-0.020155935,0.084532529,0.072562085,0.024580977,0.10895874,0.057242648,0.1347243,0.13058357,0.11930785,0.050292216,0.10998316,0.14895819,0.081857719,-0.066775271,0.042812725,-0.085839919,-0.0077166896,0.00042454998,-0.016577203,-0.068503345,-0.30451229,-0.08230299,0.3061276,0.20593266,0.082591101,-0.22722708,-0.17799094,-0.013836564,-0.015364709,0.064496626,-0.29772224,0.14596355,-0.082919687,-0.18718204,0.12262559,0.079711205,-0.11246635,-0.0032637066,-0.13091282,-0.025434173,-0.048192268,0.053027835,-0.057512978,-0.15048609,0.072663062,0.13858308,-0.087320828,0.11841438,-0.081192384,-0.10990847,0.076540391,0.052376663,0.081640274,-0.10226862,-0.011367353,-0.11408304,0.14971497,-0.1267903,-0.049870327,-0.13598152,0.034444675,0.048331007,0.30946401
767,0.098692668,0.075779105,-0.043959141,-0.080984049,-0.14371906,0.13008786,-0.065184039,-0.029189112,-0.14362001,-0.10492494,0.12105883,0.19094495,0.12577896,0.069964921,0.1944353,-0.20621352,-0.0084683402,0.18241385,0.14183218,0.12149821,0.062024496,-0.10008553,0.024422352,-0.10651913,0.25963685,0.04669037,0.11290426,-0.20157514,0.16781082,-0.065924361,0.040795896,-0.036453637,-0.086155965,-0.20279138,0.10398931,-0.0015979888,-0.012405688,-0.15514472,-0.13648261,0.15161809,0.0053693113,-0.037488386,-0.10474384,0.22317655,-0.060183545,-0.015302902,0.26178215,0.0037666563,0.038542442,-0.23970659,0.022658747,-0.21772671,-0.063026099,-0.10213721,0.065215665,-0.17921912,-0.090326582,0.078337067,-0.037754223,-0.18437071,0.097980928,0.079155827,-0.097736689,0.066790539
550,0.029800622,0.16710893,0.075318583,-0.038060761,-0.0012355393,-0.20885348,0.11129917,-0.031186513,-0.13576597,0.020229957,-0.059898752,-0.034701073,0.099612751,-0.10749395,-0.18928517,-0.051521363,-0.10056803,0.078541508,-0.072809574,-0.20531346,0.04507819,0.2692141,-0.028528829,0.21774333,0.00032369512,-0.13905602,0.050237011,-0.12316275,0.064746262,0.079155024,-0.18601332,0.16158697,-0.19712889,0.11349397,0.0032196986,-0.24432551,-0.067722874,0.13396471,-0.0086529037,-0.052226855,-0.11651765,0.17471887,-0.065225333,-0.26203853,0.036400348,0.13977284,0.027541918,0.15841079,0.028739988,-0.021485555,0.096588794,0.18580961,0.19918942,-0.0038560672,-0.089646614,0.14167426,-0.045672827,0.21685603,-0.036954028,0.020147509,-0.15165778,-0.12236623,-0.08421224,-0.13932234
385,0.053641514,0.18540699,0.042168784,-0.05343867,0.25506491,0.019827892,0.12039246,-0.26809513,0.017384937,0.065446145,-0.21874557,0.011768504,0.065065292,0.03990939,-0.28401177,0.029172223,0.081768997,0.13706695,-0.085342432,0.018256751,0.10227588,0.12038154,0.16223055,0.037785106,0.075114635,-0.1131817,0.03570157,-0.076212865,0.090355972,0.0061831462,-0.002177168,0.031810472,-0.057049907,0.047832712,0.17332515,-0.020023917,0.14238008,-0.034699105,-0.098011887,-0.015925275,0.21779078,-0.14007182,-0.04577043,0.25833208,-0.19308544,0.071345232,-0.0010290043,0.11101835,-0.13366662,0.20909378,-0.067549149,-0.31397091,-0.029098152,0.011717808,-0.020564034,0.18064392,-0.0055203774,0.0033812275,-0.25024773,-0.0345057,0.026530782,-0.017774479,-0.11487165,-0.1053298
969,0.11111511,0.083737826,0.15475238,0.16191144,0.049641525,-0.13284363,-0.038234765,-0.22792164,-0.16599618,-0.10111253,-0.16438424,0.058958857,0.348423,0.0098862215,-0.0061985778,-0.07227135,0.15903529,0.06046866,-0.0037126957,0.32113212,-0.1648635,-0.19864001,0.0799078,-0.017834861,-0.10128979,0.11144884,-0.24215725,0.044585198,-0.12216878,-0.081082297,-0.050618292,-0.11287321,-0.03218392,-0.0020578232,0.14602081,-0.1746868,0.0024523953,-0.0044274215,0.16970682,0.12713279,-0.09515521,-0.0061852376,0.1517523,0.022648068,0.19174329,0.15356623,-0.15480607,0.12987821,-0.14962992,-0.10483989,0.037890569,-0.038079111,0.044337754,0.064407065,0.17151552,0.017270621,-0.029076831,-0.093008949,-0.080831202,0.056895888,0.10278404,-0.051525077,-0.0090522788,-0.0058774277
910,-0.021229506,0.16963087,-0.00080992668,0.11961504,0.17436641,-0.13446231,-0.040380708,0.059218159,-0.17817749,-0.19282633,0.25193088,0.025634782,0.01692516,-0.11238839,0.10304119,0.14137864,-0.07885373,-0.17175582,-0.090270444,0.0064823458,0.0061863085,-0.0046374839,0.15150988,0.20461556,-0.079764789,-0.029967963,0.1165969,0.21878848,0.040468459,-0.022340178,-0.083542362,-0.23096048,0.14318378,0.055184712,-0.036934402,-0.026715472,0.14883115,-0.066625395,-0.12819637,-0.050138674,0.045189553,0.067115115,-0.21212756,0.038306999,0.031252239,-0.068218627,0.19240739,-0.047460073,0.061487283,-0.15103548,0.18096987,-0.11010714,0.082875422,0.211491,-0.25323268,0.16596822,-0.25047293,-0.094008669,0.065354181,-0.096775541,-0.071326909,0.023300829,0.088020859,-0.062371431
428,-0.06557139,-0.23581896,-0.042577841,-0.096157976,-0.30159192,-0.08873502,0.028390647,0.051372158,-0.1007677,0.08947396,-0.010220336,0.037254735,0.14136713,-0.15693744,0.003043585,0.064913157,-0.181753,-0.01835888,0.22596876,0.02689525,-0.024807997,-0.031842466,-0.012913071,0.030742581,-0.22813624,-0.007461191,-0.057826775,-0.060046367,-0.07276332,0.097087159,0.37087,0.15460294,-0.0072252019,0.092514396,-0.10197022,0.035039694,0.11785364,0.14151293,-0.095939898,-0.16487918,0.035339721,-0.0072874295,0.14951348,0.032017302,0.0099298477,0.18909898,0.10913095,-0.24956652,0.083880367,0.14734117,-0.17031535,-0.010535604,0.019077854,-0.13796755,-0.22819985,-0.04878454,0.053518926,0.02224255,0.090876352,-0.0041833952,0.099682843,-0.035561573,0.18208447,0.1488847
353,-0.12462886,0.06881392,0.1527728,0.19391028,-0.25028659,-0.28992873,-0.20630913,0.035198744,-0.14249791,0.041178604,-0.014361331,0.0079377222,-0.04889131,-0.079695706,0.11521772,-0.069654023,-0.12409143,0.27555011,0.053011745,0.037131052,0.049679818,-0.099652881,-0.093366485,0.055914142,0.14899054,0.049631779,-0.011891055,-0.065494001,-0.021327848,0.037098461,0.083112883,-0.019181354,-0.079680218,0.0017074245,-0.14134858,0.036893492,0.2377683,0.091810688,0.13765137,0.026902435,0.013273572,0.022198973,0.081108379,-0.018759071,0.014325616,-0.016971594,-0.054602462,0.077776471,-0.062614964,-0.129599,0.16242562,-0.021198764,-0.26432964,-0.0045604342,-0.064806838,0.11962155,-0.099027704,0.02465369,0.32097558,0.10118349,-0.055155586,-0.15107674,0.055581617,0.32118358
600,0.12990898,0.040550366,-0.18516252,0.053579578,-0.012849833,-0.048731916,0.1071432,-0.17183292,-0.067385854,-0.093249602,-0.10819783,0.20048045,0.011974634,0.13607276,0.031244155,-0.17890027,-0.16539514,0.12345344,0.027289075,0.16427479,0.047770457,0.011023972,-0.021803399,0.20297479,0.3141327,0.14575978,0.21673396,0.069310981,0.040456411,-0.016131179,-0.23894248,0.13534482,0.099508395,0.072749806,-0.21864093,-0.12673523,0.11103263,0.068469006,-0.083590069,-0.045969085,0.12935795,-0.039422506,-0.14675873,-0.018835989,-0.08823968,0.072688581,0.263761,0.022681524,0.024713819,0.089413262,0.053775662,0.10080079,-0.16996326,-0.049376311,0.11628856,0.025779424,-0.085355224,0.053831094,0.0089202177,-0.20653685,0.066790711,-0.0087647862,0.086761012,-0.24477774
337,-0.14096159,0.038105397,0.014739898,-0.082271163,-0.080803431,0.061692516,-0.15847833,0.038066499,0.16430329,0.0068973363,-0.0557989,0.27409676,0.092331184,0.018843227,0.029502933,0.012982866,0.060261429,-0.028179985,0.10272098,-0.040414649,0.33242426,-0.086720275,-0.093546356,0.001229308,-0.21785483,-0.13612074,0.045268151,-0.13052128,0.25374669,-0.065160811,-0.1411242,-0.0027790405,-0.050601463,-0.068681427,0.16363124,-0.048453654,0.041439767,-0.012557679,0.077842657,0.25975812,-0.034036366,-0.010330005,-0.035454377,0.037330167,-0.2317751,-0.11620282,-0.28182631,0.10303188,-0.0070554922,-0.063585133,0.12029006,-0.020482724,0.1563828,-0.12283962,-0.1653872,-0.073120985,0.031693318,-0.098741752,0.0041999574,0.14099854,0.0013434147,0.25030034,0.033272447,0.20961549
477,-0.061532765,0.12209902,-0.10154342,0.27231609,-0.10224669,-0.0084162375,-0.15587563,-0.034745528,-0.10308112,0.060283915,-0.0031402724,-0.25783388,-0.23782592,-0.084121565,-0.27701462,-0.1602945,-0.071151306,0.074651206,-0.10146149,-0.034142237,-0.15269829,-0.022861884,-0.053619477,0.19121592,0.094429958,-0.061433763,0.060388764,0.051388353,-0.0067747351,0.19004972,-0.018554552,0.38804814,0.18019649,-0.046075395,-0.29162812,-0.050860851,-0.10310987,-0.095681554,0.068776889,0.085338831,-0.093521712,0.041207834,0.025020454,0.092347803,0.013311936,0.067691279,-0.044246619,-0.12335001,-0.16466616,-0.023677892,0.11211404,0.10935915,0.011965877,0.022519814,-0.0084873391,0.090969299,0.050274841,0.049571875,0.1055071,0.094566994,0.090247292,0.046797841,0.014958301,0.17369769
101,0.031211434,0.14274912,-0.40283837,0.13678404,-0.063344706,0.045868509,-0.037244162,0.068591078,0.088913621,0.1324915,0.025021495,0.091239218,0.061110769,-0.075808011,-0.0029290356,0.14206541,-0.24665555,0.18033683,-0.014941009,0.12037315,-0.020703534,-0.17111653,-0.18563808,-0.076956876,-0.16831207,0.09677921,-0.18056024,-0.22093027,0.10335174,-0.028312195,-0.12173225,-0.085200585,-0.026177213,-0.013480515,-0.051917343,-0.31140618,-0.11054009,-0.17079646,-0.03140005,0.037961671,-0.012285669,-0.036759508,-0.028160116,-0.2356446,0.087849933,0.081773213,0.075831255,0.023189112,-0.11128323,-0.045188679,-0.036498528,-0.10761789,0.17770082,0.045399885,0.19287836,0.11552469,0.030358064,-0.034979799,0.013080108,-0.05931285,-0.11158351,-0.11683408,0.036577037,-0.15120858
807,0.018040006,0.0073105387,0.1725345,0.27219069,-0.19759864,-0.015475464,0.093976596,-0.087288025,0.18897889,-0.11029583,0.089546145,-0.17272853,0.15724074,-0.10730759,0.036369421,0.21239907,0.018864337,-0.071397979,-0.033558605,-0.045320625,0.14940061,0.099005529,0.17965849,0.0074488405,0.16702635,-0.041330172,0.01281899,-0.10399924,0.13463877,-0.13668919,-0.14085399,-0.076996471,-0.16917337,-0.087015037,0.015382551,0.23819712,-0.23951129,-0.088379775,0.12632295,-0.12707651,-0.092150689,-0.23989987,0.17002958,0.17107435,0.093509586,0.11479637,-0.034629909,-0.044530962,-0.10614272,-0.032964182,-0.0018947898,0.10169882,0.11222909,0.22146718,-0.091299804,0.042634056,-0.068545946,-0.068632107,-0.037014447,-0.19320463,-0.056128519,-0.08394949,-0.049928829,0.017344911
383,-0.23447962,0.013118227,0.011100531,-0.038561428,0.097599211,0.07894839,0.052438857,-0.12717308,0.16366068,-0.011528113,-0.40064574,-0.16957572,0.049897417,0.089848295,0.025889019,-0.0094631152,0.13714026,0.038346564,-0.06349397,0.20365061,0.15111253,0.048833507,0.031814548,0.0037268416,0.06139843,-0.080104519,-0.30620853,0.05392037,-0.0044907458,0.011105748,0.073790722,-0.049806729,-0.0021254346,0.082280047,-0.1266338,-0.25150976,-0.060956021,-0.073751306,-0.17123654,-0.096697116,0.015428497,-0.10100195,-0.1220182,0.083205589,0.15567953,0.10310559,-0.14933312,0.1155303,-0.12787293,0.019390805,-0.093807347,0.13703247,0.31074317,-0.03587705,0.058213792,-0.1030675,-0.069644285,-0.18566468,0.022033508,0.11257917,0.056193502,0.12172905,0.055929235,-0.087614355
277,0.047258801,0.28483739,0.23446178,0.018099468,0.12994229,0.11649271,-0.064348793,-0.12040407,0.026598525,-0.058695386,0.10703092,-0.11184892,0.03855839,-0.33406201,0.010057269,-0.019156885,0.056074102,-0.14674396,0.11263048,-0.14547671,0.20994015,0.06733807,-0.13830266,-0.02782236,0.042638432,0.19706222,0.1589981,-0.058079188,0.0049092635,0.068668864,0.053248796,-0.11506924,0.12956317,-0.075608073,-0.036324683,-0.08232038,-0.063849183,0.0099431302,-0.10215986,-0.087667099,0.062345884,0.066712243,0.11763599,-0.0013393013,-0.15564924,-0.062202172,0.026520674,-0.014787283,0.0029962202,0.029080926,-0.042396403,0.015129966,-0.23306901,0.15736907,-0.13714516,0.12202564,0.35047207,0.14417575,-0.086331737,0.078012805,-0.036676772,-0.096229589,0.12567712,0.22382068
543,-0.015967988,-0.035676961,-0.081578324,0.13017326,0.040871003,-0.098155416,-0.21017653,-0.015189261,0.13815895,-0.066353587,-0.036329792,0.072332694,-0.18468055,-0.16269655,-0.14957238,0.049589861,0.1396603,0.11963351,-0.070945064,-0.022419004,-0.13170824,-0.2029122,0.052119256,-0.086988822,-0.0056628166,0.057908281,0.1128377,0.10899434,0.10701742,-0.013477773,-0.10049816,0.1075038,0.16631682,0.075957673,0.072426143,0.050155834,0.11112842,0.001880759,0.20939524,0.097453782,-0.06167929,0.29841715,0.036108928,0.031220332,0.090480989,0.082725659,0.16218142,-0.18620869,-0.15272884,-0.090232455,0.23787457,0.073269927,0.15312628,-0.35510693,-0.1397978,-0.081242812,0.083090823,-0.082582894,0.10973879,0.15574305,0.018235552,-0.090187365,-0.043055299,-0.16364243
662,-0.018066553,-0.12568713,0.25344833,0.050390765,-0.065202334,-0.24062492,-0.039466254,-0.064065583,-0.0037981187,-0.1201285,-0.039982497,0.0036034337,0.15908869,0.13503188,0.1402648,0.25689638,-0.17562119,0.070397876,0.0094308119,-0.16624817,0.043940027,-0.10022137,0.02545113,-0.11162929,-0.064500356,-0.02890418,-0.042603185,-0.30770875,0.15522877,0.12011534,0.18610762,0.034380003,-0.058892871,0.0055297681,-0.10008345,0.0077710515,0.27662855,0.083580583,-0.076729922,0.080713412,-0.19492682,0.19720895,0.074250018,-0.060172886,-0.030848766,-0.047500055,-0.074308974,-0.029665491,0.14613109,-0.073711783,0.13459023,0.013094948,-0.011561412,-0.16588735,0.051124182,0.08219111,-0.19712774,0.13877316,0.17992826,-0.099307302,-0.082207128,-0.06729385,0.16215266,0.12009763
169,-0.084330256,-0.0032926512,-0.056015842,0.11722967,0.042553302,0.12222694,-0.16257528,0.10777507,-0.037998337,0.084040908,-0.099251342,0.056216772,-0.026576305,-0.093948062,-0.14965787,0.19783019,0.023567543,0.054506766,-0.30470082,-0.096347632,0.065465803,-0.085900407,-0.094842337,0.013134002,-0.10973982,-0.093371747,-0.11306135,0.032683424,-0.089931187,0.14317515,-0.1897775,0.051302668,0.072892618,-0.21572835,-0.028118195,-0.10804192,-0.11789513,0.15460978,0.039409186,-0.096392529,-0.13404191,0.064849358,-0.068580774,0.054440568,0.1286712,0.015269557,-0.057809343,-0.15980624,0.037776152,0.099900832,-0.35146388,-0.0053583309,0.042236912,-0.3336586,0.033375262,-0.16587411,0.063725609,0.20369074,-0.16659652,-0.1284804,-0.038012851,-0.072766022,-0.19617734,0.0084628907
686,0.085585583,-0.22600604,0.16905952,-0.16766574,0.23565665,0.026286357,0.026122434,0.0016788933,-0.25779538,0.059421871,-0.009030853,-0.017451113,-0.02256681,0.15045878,0.10223032,0.19141196,-0.01810237,0.0045681887,-0.070687693,-0.045898498,-0.028866661,-0.080398755,0.17040234,-0.36900106,-0.049928807,0.1053857,-0.035036428,-0.010579065,-0.11031961,0.19494411,0.24416883,-0.11550191,-0.11898247,-0.016567738,0.098309723,-0.19274164,0.057892744,0.030785277,-0.24400043,-0.0034082573,-0.0038192144,-0.14392037,-0.12738801,-0.0022620018,0.071350852,0.21140772,0.012248882,-0.1598037,0.01909259,-0.026446266,0.15892913,-0.15843939,-0.094186742,0.066051617,0.077442851,-0.11679106,-0.14310643,-0.0057976075,-0.086281169,-0.048894287,0.083446784,-0.050741148,0.031018121,-0.081805158
685,-0.18627368,-0.088769898,-0.013494141,-0.07745305,0.18029564,-0.083524476,-0.082040519,-0.17037948,-0.12167798,0.19044147,-0.066986464,0.17107701,-0.0038779237,-0.14898653,0.094843168,0.10627659,0.18085587,0.017054611,0.13264218,0.051732556,0.11151533,-0.10151838,-0.083023418,-0.10361547,0.24627502,0.2023248,-0.0072178046,-0.018124157,0.010394942,0.06745555,0.1498389,-0.13274317,-0.16220443,-0.070173956,0.053096438,-0.107745,-0.085117376,-0.011504587,-0.31916118,-0.053461677,0.13052159,0.073912615,-0.026796328,-0.013611386,0.142105,0.043753339,-0.02398265,-0.09729824,-0.14585791,-0.0076185569,-0.10345237,0.18618919,0.2076532,0.016737026,0.058933331,0.18588913,-0.043291577,0.048951805,0.041630048,-0.10718525,0.20443327,-0.0023491927,0.27467847,0.11021194
87,0.044933941,-0.19486353,0.15277334,-0.14890587,-0.034253253,0.083770153,-0.017571624,-0.13284986,-0.10742094,-0.069929282,0.21152077,-0.19412503,0.15225085,-0.193365,-0.076701907,0.070916681,-0.11396104,-0.013928686,-0.043610934,-0.13907547,0.23850318,-0.025273109,0.22323396,-0.30809557,0.15701773,-0.002727769,-0.019083073,0.16196459,0.13210323,0.18060045,0.11993873,-0.036389364,-0.064787789,-0.075193215,-0.16902214,0.14653096,0.11613071,0.047416356,-0.059161024,-0.11496625,-0.059090719,-0.032340528,0.074649077,0.093419017,-0.22794545,0.012463984,0.022365104,0.044340886,-0.15317198,0.034843351,-0.047263481,0.073732996,0.052128021,0.10050449,0.21552253,0.06962478,0.083361975,0.1360403,-0.12004954,-0.07304046,-0.0042289195,-0.046869513,0.23361908,0.0071869725
851,-0.22799656,-0.030220438,-0.047920144,-0.10495462,0.13234657,-0.19339181,-0.0093142036,0.19287831,0.051971781,0.05178259,-0.02168098,0.082486,0.0062626219,0.11174789,-0.010472787,0.079857232,-0.10121397,-0.07634026,-0.0041101485,0.029647916,0.098894653,0.033666313,0.3167802,0.056219994,-0.001356294,-0.26344565,-0.020501433,-0.19534222,0.077943414,0.022703869,0.2688682,0.18281363,0.050817084,0.080517169,-0.07037962,-0.068156718,-0.11589834,0.3196974,-0.059545587,-0.059100652,0.034078245,0.012115524,0.021764121,0.28733356,-0.16658629,0.1166178,-0.0119125,0.13154391,-0.063949339,0.022762976,0.036512447,-0.048966005,0.10507187,0.0038818217,-0.051759957,0.0574556,0.13805639,0.086402552,0.11063464,0.028045167,-0.14695236,0.24352313,-0.14906699,0.075594344
570,0.23328993,0.026674852,-0.099028496,-0.062485608,0.23090307,-0.10912981,-0.18285749,-0.04930438,-0.036838766,-0.14044687,-0.082689979,0.093801166,0.069400594,-0.10041676,0.053667057,-0.036262307,-0.042589605,0.068120773,-0.18075552,-0.13368745,-0.20637675,-0.27836112,0.021428689,0.027511323,-0.039732493,0.15783365,-0.15207528,0.2417783,0.033966308,-0.094637879,-0.16107527,0.16317288,-0.16134423,0.061818098,0.15124288,0.092054236,-0.022291339,-0.077219806,0.1081938,-0.038496793,0.066215303,0.12236504,-0.26775804,0.0073447469,-0.070092978,-0.033352553,-0.1313843,0.018015745,0.016779837,-0.13487826,-0.035461277,-0.041808778,-0.13036707,0.17890001,0.1741795,0.1133607,-0.18220101,-0.096567086,0.031905189,-0.15617139,-0.13295415,0.13371353,0.079238808,-0.078732834
637,0.076517702,0.27350346,0.16344782,-0.1090935,-0.07355611,-0.022459493,-0.030302345,5.1421823e-05,-0.054065804,0.16599663,0.16409562,0.068729083,-0.097711971,-0.14155514,0.041202315,-0.05448499,0.12699457,-0.17029752,0.0472594,0.10381274,-0.053808994,-0.13069549,-0.12409479,-0.066775982,0.057657871,-0.12110301,-0.012793029,0.06990121,0.11011282,0.12594536,-0.2201095,0.0063090371,0.13140896,0.13687035,0.077743627,0.063500621,-0.2950789,0.058584951,-0.14434133,-0.040209219,-0.099099789,-0.11846309,-0.049488942,-0.1399591,0.0077278335,0.029021152,-0.31722685,-0.026604011,0.11473506,-0.24726054,0.14084057,-0.2133286,-0.062875984,-0.082341675,-0.032572432,-0.22374912,0.14519724,0.045536655,0.0055516742,-0.13089057,0.09746979,-0.086719384,-0.11808258,0.0080227849
771,-0.13620795,0.0074275361,-0.053969021,0.12931398,0.15880671,0.14592751,0.14991251,0.045352463,0.14489031,-0.093635787,0.091897102,-0.045503942,-0.012837031,-0.092596096,-0.01373881,0.1640496,-0.13692286,-0.27993202,-0.18756867,0.032401709,-0.22083985,-0.14193345,0.063822246,0.058788552,-0.11811497,-0.21779522,-0.094638025,0.025691271,0.052756317,0.17173496,-0.032275336,-0.089319305,-0.11633371,-0.15469226,-0.11133571,-0.032518236,-0.05446681,0.190651,0.15630177,-0.11558494,-0.035310434,0.044175622,0.11252025,0.096926898,0.11563954,0.21458905,0.011154135,-0.067938269,0.039920778,-0.22124736,-0.10911039,0.011893345,0.22912468,-0.021622579,-0.0097459377,-0.096374827,0.043513586,0.18881075,0.072281961,0.0082711783,-0.25492771,-0.2055847,0.00067789139,-0.006838167
673,-0.1447558,-0.050069568,0.23548224,-0.10461042,0.12608646,0.014166038,0.1028426,0.17880549,-0.098467295,0.0045361426,0.06761996,0.1026495,-0.092373108,0.066369726,0.085071868,-0.094721324,-0.074897888,-0.15931709,0.11117849,0.12483285,0.11601738,0.037336956,0.049905882,-0.076698275,-0.0025753884,-0.093996071,-0.065382151,-0.28750321,-0.011932499,-0.20336588,0.11803972,-0.21516365,-0.04551885,0.16309013,0.010456638,-0.15548552,0.05409494,0.17947797,0.13006873,0.081503593,0.031435706,0.027415968,-0.14217833,0.0998763,-0.23104635,0.019924058,-0.039027024,-0.011279118,0.08245061,-0.18461537,-0.07835152,0.12378385,-0.1727866,0.18951229,-0.043033599,0.0094270926,0.09531353,0.031634892,0.23722669,-0.073520054,-0.13141547,0.063813644,0.1627946,-0.26301875
482,0.10685652,0.00025425265,0.0051988864,0.21344036,-0.035149843,0.15725735,0.12175675,-0.14729973,-0.1580195,-0.069696196,-0.11162576,-0.059003657,0.24557044,-0.028272973,0.07720031,0.11407834,-0.14780849,-0.071027001,-0.19376972,0.22635096,-0.097778166,-0.098392019,0.019638497,-0.0061240816,-0.033683275,-0.073789917,-0.097732006,0.06033596,0.013355745,-0.033645457,0.20819188,-0.047714007,-0.080675889,0.019958605,0.048014485,0.29337157,-0.05189685,-0.2087256,-0.16959176,0.16364426,-0.23109829,0.13344026,-0.053373344,-0.12208091,-0.029649603,0.15992796,0.079702723,-0.083052983,0.12489571,-0.17019705,0.15787598,0.098951604,0.26408953,0.074576106,-0.044914912,-0.0043500811,-0.044263995,0.12485201,0.15655264,0.014043535,-0.028786349,0.077123177,0.10984611,-0.095664198
